Country Name,Country Code,2000,2001,2002,2003,2004,2005,2006,2007,2008,2009,2010,2011,2012,2013,2014,2015,2016,2017,2018,2019,2020,2021,2022
Aruba,ABW,70.597,70.724,70.817,70.91,70.63,70.965,71.384,71.797,71.256,71.644,72.126,72.223,72.346,72.361,72.448,72.569,72.582,72.838,73.096,73.286,72.828,71.798,
Afghanistan,AFG,53.762,54.272,55.227,56.032,56.658,57.013,57.133,57.342,58.172,58.82,59.278,59.825,60.317,60.791,60.812,60.76,61.193,60.105,59.923,60.619,59.866,58.915,
Angola,AGO,43.562,43.714,44.94,47.568,48.532,49.508,50.227,51.473,52.527,53.537,54.415,55.314,56.22,56.925,57.606,58.213,58.741,59.331,59.582,59.977,59.584,59.029,
Albanie,ALB,72.646,72.921,73.22,73.499,73.786,74.033,74.243,75.1,75.163,75.316,75.493,75.693,75.73,75.786,76.114,76.404,76.639,76.873,77.037,77.168,74.632,74.087,
Andorre,AND,,,,,,,,,,,,,,,,,,,,,,,
Le monde arabe,ARB,65.4253868087526,65.7681999138218,66.0595981104082,65.8886734094373,65.8381810117335,66.0752445736269,66.451363970705,66.8229524231151,67.3017600486276,67.9017226858728,68.1434118575784,68.35467226009,68.1981920942905,68.1690502575848,68.4536040445749,68.8064676834851,68.8646134647447,69.3336597525731,69.6093962051032,69.9069657642315,68.9362228892435,68.8324333178596,
Émirats arabes unis,ARE,73.166,73.388,73.631,74.984,75.202,75.417,75.639,75.825,76.027,76.233,76.459,76.665,76.931,77.084,77.331,77.563,77.684,77.871,78.028,78.175,77.464,77.216,
Argentine,ARG,70.583,70.749,70.752,70.83,71.53,71.692,72.066,71.487,72.276,72.694,72.516,72.841,72.939,73.011,73.424,73.294,72.933,73.526,73.631,73.857,72.546,72.182,
Arménie,ARM,66.89,67.073,67.124,67.306,67.494,67.596,67.743,68.08,67.995,68.242,68.597,68.613,69.037,69.062,69.236,69.595,69.673,69.92,69.992,70.403,67.051,66.554,
Samoa américaines,ASM,,,,,,,,,,,,,,,,,,,,,,,
Antigua-et-Barbuda,ATG,71.503,71.912,72.48,72.742,73.153,73.07,72.972,73.277,73.509,73.796,73.959,74.244,74.476,74.671,74.908,75.148,75.366,75.52,75.724,75.909,76.061,75.775,
Australie,AUS,76.6,77,77.4,77.8,78.1,78.5,78.7,79,79.2,79.3,79.5,79.7,79.9,80.1,80.3,80.4,80.4,80.5,80.7,80.9,81.2,81.3,
Autriche,AUT,75.2,75.6,75.8,75.9,76.4,76.6,77.1,77.4,77.7,77.6,77.8,78.3,78.4,78.6,79.1,78.8,79.3,79.4,79.4,79.7,78.9,78.8,
Azerbaïdjan,AZE,61.032,61.697,62.589,63.161,63.881,64.154,64.762,65.189,65.623,65.976,66.255,66.64,66.905,67.482,67.813,68.081,68.411,68.953,69.693,70.23,62.986,65.646,
Burundi,BDI,45.272,46.127,47.902,49.072,50.374,51.387,52.291,53.279,53.963,54.772,55.714,56.396,57.086,57.776,58.35,58.226,59.088,59.764,59.821,60.339,59.465,59.711,
Belgique,BEL,74.6,74.9,75.1,75.3,76,76.2,76.6,77.1,76.9,77.4,77.5,78,77.8,78.1,78.8,78.7,79,79.2,79.4,79.8,78.5,79.5,
Bénin,BEN,54.684,54.924,55.158,55.263,55.552,55.703,56.033,56.379,56.462,56.568,57.014,57.163,57.627,57.696,57.962,58.058,58.332,58.505,58.916,59.05,58.693,58.221,
Burkina Faso,BFA,49.225,49.471,49.752,50.32,50.953,51.479,52.234,52.878,53.745,54.493,54.959,55.527,56.033,56.277,56.727,57.184,57.623,57.797,58.29,58.173,57.787,57.474,
Bangladesh,BGD,65.472,65.665,65.74,65.648,66.038,66.005,65.911,65.417,65.597,66.111,67.165,67.339,67.605,67.108,67.876,68.498,69.085,69.822,70.889,70.713,70.187,70.599,
Bulgarie,BGR,68.2,68.5,68.5,68.7,69.1,69,69.1,69.2,69.5,69.9,70,70.7,70.9,71.3,71.1,71.2,71.3,71.4,71.5,71.6,70,68.1,
Bahreïn,BHR,74.099,74.634,74.772,75.126,75.308,75.617,75.842,76.281,76.838,77.323,77.737,77.882,78.03,78.126,78.2,78.342,78.462,78.612,78.816,78.98,78.165,77.757,
Bahamas,BHS,68.826,68.794,68.922,69.078,69.183,69.434,69.473,69.417,69.319,69.068,69.278,69.301,69.509,69.684,70.013,69.76,70.067,70.04,70.225,68.445,69.102,68.121,
Bosnie-Herzégovine,BIH,71.484,71.932,72.21,72.806,73.357,72.36,73.174,73.201,73.892,74.067,74.341,74.492,74.406,73.945,73.539,74.18,74.775,74.849,75.034,75.208,74.04,73.108,
Bélarus,BLR,63.4,62.8,62.3,62.7,63.2,62.9,63.6,64.5,64.7,64.7,64.6,64.7,66.6,67.3,67.8,68.6,68.9,69.3,69.2,69.3,67.306,67.298,
Belize,BLZ,66.338,66.057,66.306,66.518,66.893,67.177,67.717,68.168,68.618,69.175,69.588,70.019,70.714,71.35,70.674,70.357,70.584,70.731,70.84,71.062,69.564,67.119,
Bermudes,BMU,75.293,75.701,78.669,77.079,77.112,74.349,73.954,75.137,75.425,76.827,75.921,77.138,76.796,76.017,76.262,76.427,76.231,79.119,77.594,77.791,77.885,75.817,
Bolivie,BOL,60.419,60.836,61.212,61.463,61.916,62.252,62.613,62.859,63.206,63.581,63.821,64.163,64.288,64.57,64.737,64.9,65.17,65.228,65.279,65.37,61.559,60.879,
Brésil,BRA,66.262,66.644,66.845,67.206,67.537,68.252,68.545,68.956,69.378,69.664,69.844,70.089,70.287,70.745,71.191,71.124,71.092,71.635,71.956,72.203,70.7,69.56,
Barbade,BRB,71.63,71.881,72.065,72.091,72.433,72.652,72.751,73.002,73.137,73.357,73.567,73.785,73.989,74.163,74.342,74.54,74.737,74.863,75.013,75.23,75.418,75.629,
Brunéi Darussalam,BRN,72.086,72.289,72.43,72.578,72.663,72.756,72.81,72.844,72.862,72.851,72.843,72.845,72.803,72.774,72.741,72.714,72.697,72.685,72.668,72.706,72.749,72.602,
Bhoutan,BTN,60.712,62.134,62.727,63.335,63.898,64.427,64.915,65.515,66.073,66.495,67.027,67.407,67.836,68.233,68.567,68.875,69.141,69.371,69.602,69.813,69.965,70.141,
Botswana,BWA,49.136,48.86,48.837,49.199,49.902,50.783,52.596,54.371,55.689,56.431,58.093,58.173,58.587,59.302,59.781,61.262,62.77,63.968,63.336,62.934,63.142,58.691,
République centrafricaine,CAF,44.318,44.424,44.424,44.963,45.266,45.625,45.927,46.483,47.004,47.545,48.054,48.801,49.396,49.205,48.42,51.167,51.643,51.552,52.285,53.048,52.582,51.645,
Canada,CAN,76.64,76.92,77.16,77.32,77.68,77.82,78.29,78.29,78.51,78.91,79.21,79.39,79.61,79.74,79.76,79.84,79.92,79.75,79.8,80.18,79.49,80.621,
Europe centrale et les pays baltes,CEB,68.8613582036929,69.2637643539482,69.3569856971063,69.5104264213566,69.8584014491854,69.9452288965537,70.1995945634671,70.3931045247067,70.7353917665658,71.1115501560931,71.5061466426211,72.07754922861,72.2552776502965,72.6982588172362,73.0267128933149,72.9625917558895,73.3110617356724,73.3708862674118,73.3628914039973,73.7044279479034,72.3952267632571,71.3225996487037,
Suisse,CHE,76.9,77.4,77.8,78,78.6,78.7,79.1,79.4,79.7,79.8,80.1,80.5,80.6,80.7,81.1,80.8,81.7,81.6,81.9,82.1,81,81.9,
Îles Anglo-Normandes,CHI,76.755,76.907,76.561,77.323,77.826,78.073,78.403,78.914,79.081,78.721,78.904,79.466,79.172,79.31,79.649,79.268,79.22,79.158,79.205,79.266,79.141,79.115,
Chili,CHL,73.714,73.6,74.252,74.306,74.479,74.912,75.512,75.043,75.674,75.941,75.734,76.451,76.379,76.579,76.736,77.035,77.496,78.015,77.684,77.894,76.745,76.472,
Chine,CHN,69.723,70.162,70.538,70.91,71.275,71.619,72.043,72.248,72.389,72.831,73.08,73.368,73.613,73.884,74.134,74.379,74.582,74.433,75.046,75.298,75.305,75.463,
Côte d'Ivoire,CIV,49.464,49.547,49.707,49.745,50.306,50.822,51.392,52.02,52.629,53.297,53.936,54.398,55.073,55.581,56.234,56.677,57.13,57.348,57.846,58.162,57.86,57.4,
Cameroun,CMR,51.316,51.561,51.97,52.46,52.724,53.047,53.534,53.862,54.32,54.776,55.193,55.776,56.424,57.104,57.45,58.127,58.875,59.465,59.602,60.186,59.081,58.69,
Congo, République démocratique du,COD,49.78,50.194,50.372,51.059,51.855,52.387,52.975,53.478,53.848,54.208,54.83,55.475,55.682,56.087,56.586,56.737,57.245,57.723,58.133,58.335,57.818,56.953,
Congo, République du,COG,52.932,53.752,54.388,55.284,56.34,57.452,58.194,58.848,59.6,60.135,60.57,60.833,61.288,61.388,61.656,62.137,62.185,62.392,62.834,61.346,62.212,62.124,
Colombie,COL,67.312,67.545,68.076,68.622,69.032,69.513,69.961,70.374,70.933,71.487,71.817,72.141,72.455,72.725,72.985,73.252,73.519,73.759,73.842,73.8,71.537,69.404,
Comores,COM,57.309,57.69,57.579,57.758,57.804,57.895,58.217,58.333,58.799,58.943,59.324,59.56,60.011,60.227,60.633,60.811,61.288,61.455,61.808,62.009,61.975,61.245,
Cabo Verde,CPV,64.96,66.35,66.965,67.556,67.829,68.753,68.065,68.315,68.478,68.487,69.004,69.762,70.596,70.543,70.707,70.082,71.239,72.176,71.344,71.57,70.333,69.589,
Costa Rica,CRI,75.252,75.297,75.692,75.82,76.104,76.231,76.079,76.089,75.99,76.216,76.34,77.048,77.009,77.112,76.409,76.698,77.01,77.07,76.996,77.002,76.751,74.418,
Petits états des Caraïbes,CSS,67.183121862325,67.1679715023809,67.2448444264113,67.0633274279379,67.3400247896016,67.5748260157567,67.9019710228209,68.3280088698726,68.5261963957213,69.0911183558301,69.2999542136483,69.7433492808889,70.2529154365928,70.409466222897,70.3121409417131,70.057737455308,69.8862741124992,69.8674678091627,69.7733661269246,69.7835249911541,69.7773895879028,68.2705784913279,
Cuba,CUB,73.941,74.183,74.381,74.545,74.684,74.818,74.95,75.079,75.209,75.335,75.46,75.575,75.657,75.688,75.644,75.505,75.297,75.118,75.067,75.244,75.044,71.245,
Curacao,CUW,70.332,70.341,70.413,70.534,70.546,70.674,71.1,71.9,71.7,72.4,,74.4,74.5,74.9,75,75.1,74.5,74.7,,,,,
Îles Caïmans,CYM,,,,,,,,,,,79.8,,,,,,,,,,,,
Chypre,CYP,74.601,74.977,75.37,75.621,75.815,75.953,76.255,76.656,76.813,77.109,77.362,77.736,78.091,78.409,78.817,79.051,78.945,79.246,79.67,79.508,79.345,79.209,
République tchèque,CZE,71.7,72.1,72.1,72,72.6,72.9,73.5,73.7,74,74.2,74.4,74.8,75.1,75.2,75.8,75.7,76.1,76.1,76.2,76.4,75.3,74.3,
Allemagne,DEU,75,75.5,75.4,75.6,75.9,76.2,76.4,76.9,77.2,77.3,77.5,77.9,78.1,78.1,78.7,78.3,78.6,78.7,78.6,79,78.7,78.54,
Djibouti,DJI,55.111,55.379,55.759,56.005,56.275,56.492,57.041,57.084,57.514,57.91,58.303,58.507,58.687,59.266,59.285,59.695,59.939,60.354,60.59,60.695,60.071,59.728,
Dominique,DMA,70.392,69.09,69.538,69.176,70.457,69.308,69.911,69.421,70.728,69.932,68.698,66.906,68.214,66.78,67.096,66.587,67.571,65.596,70.405,70.355,70.433,69.725,
Danemark,DNK,74.3,74.5,74.7,74.9,75.2,75.6,75.9,76,76.3,76.5,77.1,77.8,78.1,78.3,78.7,78.8,79,79.2,79.1,79.5,79.7,79.6,
République dominicaine,DOM,66.713,67.015,67.403,67.962,68.064,68.555,68.706,68.734,68.808,68.837,68.925,68.984,69.243,69.457,69.662,69.828,69.948,70.074,70.233,70.471,69.364,69.298,
Algérie,DZA,69.068,69.498,69.943,70.344,70.735,71.069,71.313,71.499,71.841,72.413,72.769,73.04,72.971,73.43,73.803,74.456,74.693,74.7,74.966,75.238,73.082,74.879,
Asie de l’Est et Pacifique (hors revenu élevé),EAP,68.3125047403936,68.6812895593972,69.0492261967298,69.439501208013,69.5724446029041,70.058274297816,70.4075447616489,70.6291946005173,70.6401352403718,71.1076928051767,71.3503551884716,71.6074154164697,71.8229237086482,72.0498416385855,72.3115054045316,72.5196254402491,72.6809719991773,72.6288528507143,73.1094793982118,73.330165921431,73.2004607467739,72.8248512121054,
de dividende précoce démographique,EAR,63.0444775319317,63.3218116291105,63.7007636986098,63.9403112998914,64.1473272847909,64.523050321689,64.837840290455,65.0789893650566,65.2461714381652,65.6167053452973,65.9395681181252,66.3346744488031,66.6761676514565,67.0381104005897,67.5167254397739,67.9302472915612,68.2698952789289,68.5867520062649,68.8227265227278,69.0189296487657,67.9416528791533,66.3772958444152,
Asie de l’Est et Pacifique,EAS,69.1673719279394,69.5347924030459,69.8949075370875,70.2560500102086,70.4028775837869,70.8435015828025,71.1965276399527,71.424331627367,71.4488931149838,71.9007205085163,72.1198402696014,72.3531662860851,72.5857852468998,72.8194590468588,73.0782520138529,73.2891601497108,73.4480171924208,73.4208575575037,73.8643113081173,74.0866107760231,73.9938211916449,73.6394005707086,
Europe et Asie centrale (hors revenu élevé),ECA,62.7446702534386,62.9130292252447,63.03333873013,63.144113960136,63.4695503553383,63.5333561288513,64.3221759016355,64.907283835094,65.3054970865517,66.0145132778489,66.4144711385589,66.9186234182055,67.4210385434736,67.8921785542628,68.097750539608,68.4523741639716,68.8002360247535,69.4154720212089,69.6331718959465,69.9685255824016,68.2788318570636,67.5008925458388,
Europe et Asie centrale,ECS,69.300934016294,69.599393065634,69.7481141430685,69.9012075500653,70.3309043062836,70.4910715592826,71.0505963263233,71.4610842547116,71.7902124648028,72.2419625269174,72.5801763772339,73.062857247991,73.328027767502,73.7049076950416,74.0236740644811,74.0346539050557,74.3781862405811,74.6779347583858,74.8113935625894,75.1110126994167,73.8419574016869,73.5036637475886,
Équateur,ECU,69.799,70.231,70.642,71.031,71.35,71.574,71.714,71.832,71.945,72.154,72.458,72.879,73.332,73.777,74.146,74.391,74.41,74.577,74.623,74.699,68.765,70.26,
Égypte, République arabe d’,EGY,65.897,66.168,66.383,66.159,66.336,66.38,66.525,66.623,66.785,66.951,67.096,67.253,67.513,67.398,67.773,67.967,68.233,68.712,68.875,69.049,68.667,67.935,
Zone euro,EMU,75.0914036014546,75.459134554405,75.6039071185096,75.7191227317696,76.2722642100493,76.4540950166634,76.8821322921226,77.1714462041696,77.4575017956498,77.6757822165069,77.9379644278066,78.4134289259098,78.4916075517327,78.8231837923344,79.2716067032546,78.9921720667007,79.3621114680897,79.4353273305761,79.5528546658679,79.8519588771144,79.0116941919353,79.1352781609623,
Érythrée,ERI,53.816,56.557,57.129,57.623,58.22,58.783,59.907,60.398,60.906,61.529,61.976,62.427,62.965,63.181,63.556,64.022,64.213,64.552,64.947,65.216,64.862,64.35,
Espagne,ESP,75.6,76.1,76.3,76.4,76.7,77,77.7,77.8,78.2,78.5,78.7,79.5,79.5,80.2,80.4,80.1,80.5,80.6,80.7,81.1,79.6,80.3,
Estonie,EST,65.1,64.6,65.1,66,66.3,67.3,67.35,67.4,68.6,69.8,70.6,71.4,71.4,72.8,72.4,73.2,73.3,73.8,74,74.5,74.4,72.4,
Éthiopie,ETH,49.885,50.448,50.731,51.649,52.247,52.728,53.822,54.863,55.854,56.765,57.72,58.675,59.397,59.995,60.578,61.126,61.628,62.288,62.606,63.051,62.517,61.91,
Union européenne,EUU,73.8065960468185,74.201239560426,74.3410453498217,74.4690363163904,74.9800900506216,75.1623352793022,75.5599492877914,75.8386457562061,76.1280316445198,76.3734330096141,76.6670169625937,77.1670649063348,77.269079305374,77.6279374610312,78.049480532526,77.8275364082164,78.1902182462582,78.2632640900611,78.3514668482028,78.6659054050384,77.7355823336024,77.6589024545667,
Fragile et les situations de conflit touchées,FCS,53.4754340964329,53.742015781022,54.1505619338808,54.3878349951713,54.6411834898144,55.0074770086464,55.507696283048,55.9718532092708,56.1391791040415,57.1080144911217,57.4268079702302,58.0438178464443,58.1994260470755,58.4394779845493,58.6552866747779,58.9516105855376,59.1771575145433,59.5261886497429,59.8231714193243,60.1414858115242,59.5872334656016,59.0392919162334,
Finlande,FIN,74.1,74.6,74.9,75.1,75.3,75.5,75.8,75.8,76.3,76.5,76.7,77.3,77.7,78,78.4,78.7,78.6,78.9,79.1,79.3,79.2,79.3,
Fidji,FJI,64.181,64.273,63.738,64.247,64.546,64.776,65.074,65.084,65.16,65.298,65.536,65.678,65.809,65.609,65.536,64.915,65.446,66.008,66.031,66.126,66.166,65.426,
France,FRA,75.3,75.5,75.7,75.7,76.7,76.7,77.3,77.6,77.8,78,78.2,78.7,78.7,79,79.5,79.2,79.5,79.6,79.7,79.9,79.2,79.3,
Îles Féroé,FRO,75.9,76.3,76.6,76.7,76.8,76.9,77.2,77.5,77.5,77.8,78.1,78.5,78.8,79.1,79.3,79.5,79.8,80.1,80.4,80.8,81.1,81.4,
Micronésie, États fédérés de,FSM,66.921,67.658,66.956,67.956,68.06,68.063,68.394,68.316,68.205,68.139,68.214,68.266,68.307,68.405,68.37,68.234,68.395,68.17,67.92,67.581,67.106,67.12,
Gabon,GAB,59.896,60.179,60.186,60.374,60.637,60.722,61.018,61.203,61.475,61.591,62.082,62.157,62.608,62.762,62.937,63.357,63.837,63.952,64.115,64.581,64.258,63.488,
Royaume-Uni,GBR,75.4,75.7,75.9,76.3,76.6,77,77.2,77.4,77.6,78.1,78.5,79,79.1,79.2,79.5,79.2,79.4,79.5,79.5,79.6,78.4,78.7,
Géorgie,GEO,65.348,65.225,65.537,65.853,66.166,66.529,66.731,67.193,66.705,67.391,67.603,67.856,67.651,67.866,68.309,68.477,68.696,68.836,68.495,68.493,67.74,66.803,
Ghana,GHA,57.101,57.019,57.369,57.794,57.904,58.434,58.759,58.795,59.209,59.44,59.827,60.08,60.219,60.778,61.188,61.379,61.933,62.123,62.215,62.686,61.9,61.63,
Gibraltar,GIB,78.344,78.519,77.03,77.158,78.36,77.598,76.853,75.201,76.682,78.598,77.8,78.326,80.922,77.54,77.803,76.877,79.331,79.581,80.018,80.374,80.249,77.108,
Guinée,GIN,52.096,52.174,52.878,53.23,53.535,53.919,54.302,54.587,54.97,55.313,55.518,55.851,55.995,56.489,56.434,56.874,57.761,57.926,58.326,58.544,58.113,57.595,
Gambie,GMB,54.95,55.084,55.265,55.998,56.573,56.811,57.602,58.22,59.048,59.215,59.787,60.502,60.849,61.141,61.064,61.403,61.763,61.709,61.826,62.33,61.023,60.656,
Guinée-Bissau,GNB,47.684,48.053,48.599,49.143,49.902,50.068,51.171,52.098,52.496,53.344,53.923,54.767,55.478,56.023,56.422,56.925,57.447,57.969,58.263,58.763,57.612,57.392,
Guinée équatoriale,GNQ,51.596,52.072,52.509,53.04,53.502,53.919,54.479,54.95,55.455,55.84,56.261,56.746,57.194,57.585,57.896,58.343,58.813,59.046,59.556,59.984,58.812,58.781,
Grèce,GRC,75.4,75.9,76.3,76.5,76.6,76.8,77,77,77.5,77.7,77.9,78,78,78.7,78.8,78.5,78.9,78.8,79.3,79.2,78.8,77.5,
Grenade,GRD,70.463,70.844,70.911,70.664,69.508,70.72,70.859,71.474,72.099,72.395,72.504,72.692,72.385,72.514,72.207,72.219,71.969,72.005,72.06,72.129,72.208,72.212,
Groenland,GRL,63.33,64.33,64.87,65.72,66,65.52,66.08,67.04,67.82,68.45,67.97,67.42,68.35,69.31,70.01,70.27,69.23,68.69,69.75,70.19,69.71,69.65,
Guatemala,GTM,63.983,64.467,64.887,65.286,65.645,65.737,66.307,66.618,66.907,67.245,67.55,67.907,68.265,68.591,68.882,69.075,69.359,69.613,69.896,70.439,68.258,66.005,
Guam,GUM,71.678,72.435,72.73,73.774,74.462,74.603,74.396,74.381,74.388,74.198,73.576,73.217,73.16,73.272,73.202,73.076,73.339,73.608,73.887,74.164,72.197,72.982,
Guyana,GUY,61.325,61.607,61.653,61.538,61.733,61.949,62.5,63.06,63.099,63.412,63.564,63.766,63.972,64.158,64.689,64.98,65.082,65.303,65.503,65.806,65.075,62.481,
Revenu élevé,HIC,74.4962657067074,74.8288951235263,75.0183832843535,75.168672476851,75.600116538155,75.7398986651233,76.0740268767827,76.3328327376927,76.5350541954954,76.8556184409929,77.0706341217031,77.3604325237379,77.5328148796762,77.7523482519006,78.0181930340771,77.9372912704988,78.0849393442585,78.1641465834792,78.2514939006435,78.4659800499969,77.4370230088864,77.2686237328273,
Chine, RAS de Hong Kong,HKG,78,78.4,78.5,78.5,79,78.8,79.4,79.4,79.4,79.8,80.1,80.3,80.7,81.1,81.2,81.4,81.3,81.9,82.3,82.4,83.4,83.2,
Honduras,HND,66.652,66.883,67.413,67.566,67.677,68.191,68.335,68.498,68.549,68.983,69.038,69.261,69.471,69.613,70.036,70.15,70.257,70.351,70.461,70.534,69.126,67.894,
Pays pauvres très endettés (PPTE),HPC,51.2475226444968,51.7465736231492,52.2500534497792,52.8541810873911,53.3612470737172,53.9755619230954,54.7957207663228,55.3867554479651,55.9577626600723,56.6217673652351,56.944840892646,57.7435386476923,58.2773823604128,58.7371709381164,59.2126151879684,59.6232811331449,60.1156477598896,60.4941834042859,60.8193454328776,61.171508576006,60.5506923912996,60.0161208871809,
Croatie,HRV,69.12,71.03,71.21,71.17,72.13,71.83,72.51,72.33,72.4,72.9,73.5,73.8,73.9,74.2,74.6,74.3,74.9,74.9,74.9,75.4,74.7,73.4,
Haïti,HTI,56.608,56.713,57.019,57.57,56.715,58.265,58.521,58.842,59.029,59.429,45.758,59.202,59.857,60.086,60.387,60.617,60.661,61.087,61.231,61.314,61.131,60.399,
Hongrie,HUN,67.1,68.2,68.3,68.3,68.6,68.6,69,69.2,69.8,70.1,70.5,71.2,71.6,72.2,72.3,72.3,72.6,72.5,72.7,73.1,72.3,71.1,
BIRD seulement,IBD,65.9682672819195,66.2757145997642,66.6149934053183,66.8621634379136,67.0985373779203,67.4887188191468,67.8211459833184,68.0911369575607,68.3161506718233,68.6757854919356,68.9593004258454,69.3003811644932,69.6444535355161,70.0146735066148,70.4031967014954,70.729614848197,70.9739541562312,71.1628548038367,71.4811660395746,71.6777459907482,70.8240058010759,69.5950459832526,
BIRD et IDA,IBT,63.6569193595618,63.9560544509555,64.276322296463,64.5329263337604,64.7652745045994,65.123776989709,65.4903467775685,65.7404843585129,65.9333801765431,66.3267619471672,66.6225290103377,66.9764743186784,67.2683258057884,67.5805184537998,67.93468687112,68.2376288351439,68.5023047833629,68.7043376280083,69.0045849896196,69.2022806711912,68.4158235352549,67.3827085864961,
IDA totale,IDA,55.3409214604772,55.7141766642246,56.0757414441105,56.4715633489365,56.7908336758143,57.1415079553084,57.7244430871571,58.0114871429399,58.1969689859118,58.795389570304,59.2302785420638,59.7202743919803,59.9349758118135,60.1461226107455,60.4724399766284,60.7836034304931,61.192737005951,61.5220827001423,61.864615206084,62.1658868265991,61.6762890188973,61.2951088986955,
IDA mélange,IDB,54.686038166336,54.9569718164165,55.3285742626597,55.6280288570236,55.8683754150292,55.8821264950004,56.5591862272524,56.7143525461042,56.9679198199592,57.2945642688745,57.6346054111518,57.9926335573917,58.1883050653675,58.4629585417622,58.6053976746491,58.8262860160936,59.1075339264367,59.3182893542758,59.5430847733369,59.8378074906454,59.3648140046128,59.047083735311,
Indonésie,IDN,64.9,65.032,65.574,65.611,64.374,66.009,66.048,66.459,66.519,66.599,66.93,67.079,67.177,67.228,67.624,67.791,67.87,68.001,68.311,68.481,66.745,65.533,
IDA seulement,IDX,55.6726852718665,56.0993330459548,56.4558680764194,56.900212814779,57.2596611329878,57.7815895925608,58.3166218705951,58.6711244923904,58.8231088431001,59.561787051032,60.0471620638097,60.605974913877,60.8301893747507,61.0083639235653,61.4279684831934,61.782542107593,62.2517176272975,62.63612064157,63.0338532825077,63.3342539391448,62.8327925430955,62.4170676855609,
Île de Man,IMN,72.08,73.425,72.921,74.564,74.695,75.403,76.655,77.24,76.057,76.332,76.615,76.886,77.04,77.184,78.11,77.052,78.41,78.56,78.709,78.857,78.672,78.564,
Inde,IND,61.754,62.114,62.573,62.981,63.313,63.719,64.053,64.365,64.654,64.962,65.327,65.765,66.324,66.961,67.651,68.285,68.81,69.159,69.367,69.525,68.615,65.756,
Non classifié,INX,,,,,,,,,,,,,,,,,,,,,,,
Irlande,IRL,74,74.5,75,75.7,76.1,76.7,76.9,77.3,77.9,77.8,78.5,78.6,78.7,78.9,79.3,79.6,79.8,80.4,80.4,80.8,80.8,80.2,
Iran, République islamique d’,IRN,67.337,67.591,68.173,67.61,69.047,69.513,69.847,70.381,70.492,70.543,70.631,71.191,71.641,71.905,72.383,72.67,73.06,73.27,73.519,73.379,72.102,71.246,
Iraq,IRQ,63.734,64.041,64.005,61.525,60.435,60.137,58.189,58.215,60.716,63.266,63.929,64.876,65.418,65.694,66.522,67.515,65.614,67.513,69.559,69.559,66.954,68.2,
Islande,ISL,77.8,78.3,78.6,79.5,78.9,79.6,79.5,79.6,80,79.8,79.8,80.7,81.6,80.5,81.3,81.2,80.4,81.1,81.3,81.7,81.6,81.8,
Israël,ISR,77.1,77.7,77.5,77.6,78,78.2,78.7,78.7,79,79.6,79.7,79.9,79.9,80.3,80.3,80.1,80.7,80.6,80.9,81,80.6,80.5,
Italie,ITA,76.9,77.2,77.4,77.3,78,78.1,78.6,78.8,78.9,79.1,79.5,79.7,79.8,80.3,80.7,80.3,81,80.8,81.2,81.4,80,80.6,
Jamaïque,JAM,69.082,68.782,68.662,68.429,68.249,68.454,68.684,69.189,69.629,70.114,70.579,71.176,72.01,72.234,71.727,70.798,70.121,69.916,69.695,69.668,69.818,68.469,
Jordanie,JOR,70.313,70.528,70.724,70.928,71.117,71.264,71.48,71.654,71.818,71.972,72.117,72.26,72.399,72.565,72.796,73.03,73.222,73.46,73.677,73.894,72.987,72.128,
Japon,JPN,77.72,78.07,78.32,78.36,78.64,78.56,79,79.19,79.29,79.59,79.55,79.44,79.94,80.21,80.5,80.75,80.98,81.09,81.25,81.41,81.56,81.47,
Kazakhstan,KAZ,60.2,60.5,60.7,60.5,60.6,60.3,60.6,60.7,61.9,63.55,63.55,63.85,64.74,65.91,66.9,67.49,67.99,68.72,68.84,68.82,67.09,66.33,
Kenya,KEN,53.162,53.341,53.86,54.471,55.225,56.107,56.805,57.473,57.973,58.521,58.902,59.095,59.169,59.576,59.689,59.693,60.149,60.093,60.288,60.678,60.372,58.935,
République kirghize,KGZ,64.9,65,64.4,64.5,64.3,64.2,63.5,63.7,64.5,65.2,65.3,65.7,66.1,66.3,66.5,66.7,67,67.2,67.4,67.6,67.8,67.9,
Cambodge,KHM,56.559,57.863,58.973,60.238,61.48,62.213,62.945,63.603,64.299,65.155,65.436,65.957,66.652,66.802,67.446,67.586,67.658,68.213,68.226,68.4,67.999,66.819,
Kiribati,KIR,62.629,62.879,63.057,63.173,63.209,63.187,63.129,63.064,63.059,63.108,63.243,63.413,63.607,63.816,64.044,64.285,64.514,64.735,64.97,65.295,65.348,65.504,
Saint-Kitts-et-Nevis,KNA,67.348,67.673,67.447,67.378,67.755,68.309,68.453,68.365,68.265,68.129,68.376,68.722,68.812,68.128,67.472,67.114,68.036,68.212,68.206,68.294,68.322,68.346,
Corée, République de,KOR,72.3,72.9,73.4,73.8,74.3,74.9,75.4,75.9,76.2,76.7,76.8,77.3,77.6,78.1,78.6,79,79.3,79.7,79.7,80.3,80.5,80.6,
Koweït,KWT,75.213,75.448,75.574,75.497,75.205,75.306,75.215,75.396,75.553,75.87,76.399,76.836,77.15,77.463,77.806,77.916,78.175,78.24,78.232,78.249,75.35,77.192,
Amérique latine et Caraïbes (hors revenu élevé),LAC,67.7329185944112,68.0771186325179,68.3659762670978,68.6920326520858,68.9868857825341,69.4010652454535,69.6229404786275,69.7822597520309,70.0639351791554,70.2863372315291,70.1681372127639,70.6740975077774,70.9031494747119,71.2020032181608,71.4776723292409,71.4741235293239,71.4144012704639,71.6341563650007,71.7491756219769,71.919934875767,69.4976567303079,68.5846960898502,
République démocratique populaire lao,LAO,56.839,57.427,57.833,58.14,58.302,58.94,59.405,60.013,60.715,61.232,61.917,62.969,63.451,63.877,64.346,64.739,65.122,65.512,65.793,66.155,66.519,66.154,
Liban,LBN,72.251,72.558,72.957,73.657,73.919,74.223,73.145,74.719,75.489,75.826,76.136,76.407,76.666,76.782,76.971,77.234,77.492,77.599,77.784,77.251,75.637,72.847,
Libéria,LBR,49.516,50.978,52.083,50.619,54.332,55.267,56.158,56.857,57.386,57.811,58.193,58.368,58.651,58.736,58.002,57.898,59.255,59.391,59.525,59.892,59.528,59.411,
Libye,LBY,68.816,68.912,68.962,69.145,69.46,69.545,69.658,69.819,70.07,70.186,70.182,66.833,69.774,69.983,68.237,68.5,68.501,69.63,70.017,69.496,69.867,69.63,
Sainte-Lucie,LCA,68.446,68.451,68.541,68.704,68.972,69.204,69.442,69.652,69.849,69.844,69.929,70.261,70.208,69.894,69.862,70.107,69.911,69.793,70.023,70.1,70.042,67.838,
Amérique latine et Caraïbes,LCN,68.0333785508277,68.2743362972536,68.6392335154424,68.8939408761976,69.2030756419444,69.6004364821954,69.8102127180467,69.9542347471641,70.1870985922257,70.4090178704184,70.3184891743049,70.802678298998,71.0093449563618,71.3056242407682,71.5418314093147,71.5611072034826,71.462144881309,71.6847487824046,71.7799010129809,71.954286796899,69.6700390348228,68.8027830198442,
Pays les moins avancés: classement de l’ONU,LDC,54.5158883089794,54.9556825900622,55.3520369066155,55.8814156368612,56.370099140954,56.826005280401,57.4143306474198,57.7960117727982,57.9673907947306,58.8364115100981,59.2536965915145,59.8940217167886,60.3417038165948,60.6101501910103,61.0578798364827,61.3888820598596,61.8613538243844,62.2579141408903,62.6216013058015,62.8811540544625,62.3917919499435,61.8941786654246,
Faible revenu,LIC,51.5985047624325,52.1626010657245,52.6455571023685,53.7028217001845,54.1927373268906,54.7394979926808,55.5975937066412,56.2227555910545,56.772210119393,57.3987193575234,57.9083712942732,58.4390694448881,58.5798705143433,58.82412632201,59.1880177557972,59.5277842023921,59.9783370835827,60.3527794102101,60.6241563701524,61.086942542278,60.6139952110069,60.0508558916715,
Liechtenstein,LIE,73.9,76.3,77.1,78.4,78.6,77.4,78.9,79.1,80,79.5,79.5,79.5,79.7,80.7,81,80.9,80.6,81.6,80.7,82.6,80,82.5,
Sri Lanka,LKA,66.216,66.619,67.012,67.287,63.968,68.068,67.462,67.484,66.682,64.245,69.217,69.348,69.981,70.179,70.698,71.027,71.407,71.54,71.983,72.227,72.597,73.11,
Revenu intermédiaire, tranche inférieure,LMC,61.0389448091469,61.3398472657395,61.7142878511104,62.0137809626286,62.3165994793277,62.6259420917585,62.958280498811,63.1884942556409,63.3482389806667,63.7442781511669,64.10104727367,64.5179061592746,64.9054930736536,65.2995822867231,65.7811866386369,66.2143164859609,66.6261922438923,66.9269884983887,67.1691958460107,67.3294520643548,66.6635072291947,65.0364364140651,
Revenu faible et intermédiaire,LMY,63.520192203477,63.8277785252963,64.1446925435891,64.4427650506831,64.6718516891027,65.0326257694149,65.4013788188403,65.6534359875718,65.8508700558584,66.2477657312805,66.545950119502,66.899283715838,67.1979568020011,67.5111434468373,67.869653632974,68.1786965787758,68.448703682455,68.651794255574,68.9587453095863,69.1560708041469,68.3831974492784,67.3449683250112,
Lesotho,LSO,46.07,44.774,43.545,42.525,41.609,41.157,40.689,40.811,41.247,42.069,43.214,44.301,45.36,46.428,47.419,48.48,49.564,50.351,50.992,51.406,51.962,50.374,
de dividende tardif démographique,LTE,68.241273783986,68.6120144869057,68.9147156419805,69.3176939750529,69.6172278524615,70.0024101068828,70.4539850744494,70.7341557076049,70.9461447011511,71.3611518773125,71.6517713070873,71.9879678226329,72.252192405648,72.5685872227548,72.8391525275105,73.060288599458,73.268306016663,73.3339531332358,73.7800365426023,74.0257179095601,73.6711100864107,73.333386469672,
Lituanie,LTU,66.8,66,66.2,66.5,66.4,65.4,65.3,64.9,66.3,67.5,68,68.1,68.4,68.5,69.2,69.2,69.5,70.7,70.9,71.6,70.1,69.9,
Luxembourg,LUX,74.8,74.8,74.6,74.8,76,76.7,76.8,76.7,78.1,78.1,77.9,78.5,79.1,79.8,79.4,80,80.1,79.9,80.1,80.2,79.9,80.7,
Lettonie,LVA,64.9,65.2,65.4,65.9,67.1,65.6,65.5,65.8,67.2,68.3,68.8,68.6,68.9,69.3,69.1,69.7,69.8,69.8,70.1,70.9,70.6,68.6,
Région administrative spéciale de Macao, Chine,MAC,78.262,78.275,78.342,78.594,78.782,79.209,79.267,79.513,79.873,80.353,80.019,80.147,80.297,80.613,80.956,81.144,81.409,81.962,82.349,82.344,82.566,82.823,
Saint-Martin (fr),MAF,73.806,73.975,74.142,74.307,74.471,74.634,74.795,74.945,75.115,75.281,75.447,75.14,76.12,76.041,77.11,76.261,76.411,75.826,77.207,76.875,77.021,77.254,
Maroc,MAR,65.135,65.542,65.932,66.31,66.659,67.077,67.454,67.942,68.413,68.846,69.244,69.601,69.933,70.371,70.788,71.166,71.502,71.783,72.028,72.245,71.757,71.893,
Monaco,MCO,,,,,,,,,,,,,,,,,,,,,,,
Moldova,MDA,62.719,63.035,63.289,63.754,64.03,64.229,64.367,64.853,65.265,65.275,64.993,64.805,64.781,64.75,64.695,64.827,65.474,66.077,65.921,66.378,65.692,64.443,
Madagascar,MDG,56.984,57.711,57.946,58.462,58.818,59.3,59.96,60.184,60.641,61.119,61.209,61.642,61.695,61.811,62.25,62.416,62.952,63.038,63.2,63.662,62.891,62.234,
Maldives,MDV,70.16,71.388,72.554,73.183,72.635,73.588,73.985,74.614,75.551,76.099,76.769,77.291,77.947,78.245,78.662,78.941,79.146,79.102,79.21,79.323,78.85,79.082,
Afrique du Nord et Moyen-Orient,MEA,67.3209483017774,67.6854376989284,68.0298487323227,67.8621915267669,68.2642376760147,68.5289522099746,68.6313071100371,68.9928218126369,69.4307856555756,69.8431037400483,70.0811272128099,70.3314145876293,70.1790587361453,70.2163335100926,70.5171079665288,70.8328113995866,70.9661631022304,71.3682796440752,71.6424458764646,71.8622692653563,70.8125761574148,70.640332856669,
Mexique,MEX,70.692,71.098,71.422,71.653,71.781,71.782,71.697,71.54,71.376,71.273,71.295,71.451,71.651,71.814,71.859,71.723,71.398,71.044,70.829,70.931,66.334,66.056,
Îles Marshall,MHL,61.253,61.577,61.619,61.663,61.715,61.765,61.811,61.745,61.664,61.672,61.668,61.687,61.827,61.924,62.106,62.307,62.559,62.77,62.996,63.233,63.426,63.692,
Revenu intermédiaire,MIC,64.4875317996587,64.7867070822287,65.1059323579368,65.3566330555558,65.5781916420388,65.9378199250516,66.279418054479,66.5136350665796,66.6933196468269,67.0830078309985,67.3750207408072,67.7247544226233,68.0517059371998,68.3831481500257,68.7523368515102,69.0703685382013,69.3351963614386,69.534347142371,69.8600311007904,70.0445590851838,69.2547955916784,68.1787413664159,
Macédoine du Nord,MKD,70.8,70.9,70.6,70.9,71.5,71.6,71.7,71.8,72.4,72.3,72.9,73.1,73,73.4,73.5,73.5,73.4,74.1,74.6,74.7,72.2,72.41,
Mali,MLI,50.37,50.954,51.663,52.208,52.74,53.166,53.756,54.15,54.492,55.01,55.453,55.808,56.101,56.281,56.858,57.288,57.777,58.059,58.14,58.523,57.385,57.618,
Malte,MLT,76.3,76.6,76.3,76.4,77.4,77.3,77,77.5,77.1,77.9,79.3,78.6,78.6,79.6,79.9,79.8,80.6,80.2,80.4,81.2,80.3,81.3,
Myanmar,MMR,57.179,57.314,57.733,57.875,58.311,58.619,59.14,59.578,55.207,60.333,60.573,60.989,61.247,61.899,62.095,62.535,62.683,62.842,63.407,63.572,63.785,62.546,
Afrique du Nord et Moyen-Orient (hors revenu élevé),MNA,66.5380499021347,66.868905515158,67.2253016193739,66.9755958152563,67.3890922503808,67.6214985965652,67.6639589061799,67.997477254781,68.4159612183542,68.8073305609917,69.0089253361731,69.2130967901408,68.9768743351001,68.9725089038475,69.2958846964545,69.6348477604009,69.743159198602,70.2044401192554,70.5138473695015,70.7544342351566,69.7636299624295,69.5314636067275,
Monténégro,MNE,71.058,71.266,70.906,71.161,71.482,71.3,71.4,71.9,72.6,72.9,73.6,73.3,74.2,74.1,74.1,74.4,74.1,73.9,74.5,74,73.2,70.8,
Mongolie,MNG,60.028,59.714,59.49,59.813,60.379,60.376,61.204,61.71,62.182,62.57,63.01,63.546,64.112,64.594,65.074,65.534,65.881,66.328,66.811,67.254,67.502,66.537,
Mariannes,MNP,,,,,,,,,,,,,,,,,,,,,,,
Mozambique,MOZ,47.793,48.442,48.907,49.341,49.769,50.136,50.551,51.037,51.529,52.18,52.441,53.03,53.63,54.336,54.989,55.748,56.492,57.213,57.721,58.312,58.111,56.204,
Mauritanie,MRT,59.435,59.606,59.648,59.655,59.879,59.892,60.181,60.477,60.634,61.07,61.468,61.656,61.956,62.218,62.588,62.761,63.11,63.284,63.594,63.777,62.781,62.666,
Maurice,MUS,68.2,68.4,68.6,68.8,68.9,69.12,69.12,69.2,69.2,69.38,69.46,69.74,70.4,70.7,70.97,71.08,71.19,71.3,71.27,71.07,70.86,70.29,
Malawi,MWI,42.781,44.186,45.532,47.161,48.769,50.139,51.232,51.967,52.82,53.551,54.331,55.084,56.116,56.868,57.577,58.187,58.86,59.449,59.724,60.402,60.014,59.493,
Malaisie,MYS,70.57,71.158,71.403,71.563,71.695,71.935,72.078,72.144,72.148,71.953,72.091,72.341,72.595,72.735,72.883,72.75,72.927,73.099,73.293,73.465,73.648,72.659,
Amérique du Nord,NAC,74.3506097629134,74.558776347028,74.6736013465481,74.7793428825995,75.2654172971897,75.2787749379014,75.505483230258,75.7760045841996,75.8882689330914,76.2891677799252,76.4996728589648,76.6084611336878,76.7212114264047,76.7350255997627,76.8276457296014,76.6556635932353,76.4849801059369,76.4700936461002,76.567639221345,76.6997179401936,74.7458734949818,74.2375076175192,
Namibie,NAM,49.908,49.377,49.37,49.319,49.285,49.813,50.382,51.133,51.885,52.608,53.275,53.601,54.433,55.356,56.544,57.312,58.113,58.651,58.931,59.426,59.058,55.721,
Nouvelle-Calédonie,NCL,71.7,72.1,71.2,72.1,72.3,72.6,73.1,73.6,73.9,74.2,74.5,73.9,74.2,74.3,74.7,74.5,74.2,75.1,76.367,76.808,77.253,75.361,
Niger,NER,48.881,49.411,50.139,51.173,52.107,53.077,54.026,54.922,55.85,56.742,57.654,58.263,59.013,59.499,60.006,60.069,60.656,61.176,61.611,61.868,60.472,60.407,
Nigéria,NGA,46.095,46.58,46.867,47.377,47.785,48.362,48.901,49.258,49.678,50.182,50.483,50.92,51.094,51.295,51.383,51.477,51.848,52.017,52.331,52.651,52.456,52.285,
Nicaragua,NIC,64.282,64.284,64.256,64.3,64.498,64.985,65.73,66.54,67.492,68.296,68.854,69.263,69.484,69.612,69.77,70.005,70.344,70.686,70.964,71.066,68.648,70.836,
Pays-Bas,NLD,75.5,75.8,76,76.2,76.9,77.2,77.6,78,78.3,78.5,78.8,79.4,79.3,79.5,80,79.9,80,80.2,80.3,80.6,79.7,79.9,
Norvège,NOR,76,76.2,76.5,77,77.5,77.7,78.1,78.2,78.3,78.6,78.9,79.1,79.5,79.8,80.1,80.5,80.7,81,81.1,81.3,81.6,81.7,
Népal,NPL,61.199,61.779,61.362,62.376,62.886,63.525,64.015,64.503,64.664,64.985,65.093,65.559,65.736,66.191,66.357,65.835,67.031,67.174,67.231,67.755,67.345,66.574,
Nauru,NRU,55.893,55.531,55.212,55.065,55.046,55.073,55.246,55.395,55.696,56.014,56.494,57.111,57.48,57.962,58.539,58.972,59.391,59.645,59.883,60.055,59.994,60.261,
Nouvelle-Zélande,NZL,76.1,76.4,76.7,77,77.5,77.9,78,78.2,78.4,78.8,79.1,79.4,79.7,79.6,79.73,79.91,80,80.2,80,80.3,80.5,80.5,
Pays membres de l'OCDE,OED,73.891493525748,74.216311990208,74.4266680740238,74.590189526247,75.0015093697898,75.1379952945349,75.4385282129947,75.6617010075984,75.8478040727195,76.1327411575712,76.3339858689093,76.5717918672029,76.7668035365095,76.9905551907738,77.2520097735128,77.152118193054,77.2500339074477,77.3079536125545,77.3799111614714,77.5812573079031,76.0914865293158,75.8598608091532,
Oman,OMN,71.497,71.913,71.963,72.1,72.267,72.315,72.407,72.389,72.525,72.585,74.639,75.106,75.707,75.913,76.097,76.332,76.544,76.525,76.534,76.543,73.289,70.984,
Autres petits états,OSS,58.5663914888698,58.584940364747,58.6381019727058,58.8923091282155,59.1539452264491,59.5534673915,60.2357413747196,61.015490298285,61.7934723105689,62.4480914659685,63.1591826519368,63.6127561612787,64.1643262584268,64.7112517585059,65.1786413954597,65.8300971852589,66.4250402022846,66.8477031079223,67.0419639840248,67.2437258851788,66.5440588260765,65.3803676863021,
Pakistan,PAK,61.237,61.441,61.749,61.874,61.881,61.171,62.076,61.919,61.922,62.073,62.309,62.539,62.666,62.979,63.129,63.502,63.684,64.02,64.222,64.595,63.945,63.787,
Panama,PAN,71.101,71.559,72.007,72.424,72.749,72.999,73.118,73.179,73.172,73.233,73.325,73.537,73.787,74.067,74.317,74.54,74.692,74.791,74.826,74.789,73.472,73.05,
Pérou,PER,68.03,68.758,69.496,70.16,70.689,71.053,71.243,71.272,71.383,71.398,71.623,72.086,72.513,72.948,73.321,73.577,73.697,73.729,73.8,73.904,70.808,70.121,
Philippines,PHL,67.638,67.865,68.052,68.189,68.344,68.54,68.612,68.794,68.883,68.949,69.064,69.112,69.191,69.16,69.407,69.486,69.571,69.667,69.815,69.986,70.244,67.172,
Palaos,PLW,66.64,,,,,66.3,,,,,,,,,,,,,,,,,
Papouasie-Nouvelle-Guinée,PNG,60.076,60.114,60.003,60.102,59.974,60.112,60.373,60.592,60.832,60.983,61.297,61.51,61.633,61.792,62.085,62.286,62.439,62.774,62.869,62.963,63.395,62.948,
Pologne,POL,69.7,70.2,70.4,70.5,70.7,70.8,70.9,71,71.3,71.5,72.1,72.5,72.6,73,73.7,73.5,73.9,73.9,73.7,74.1,72.5,71.7,
de Pré-dividende démographique,PRE,49.950387097497,50.4278501212622,50.9096623083142,51.4101204412392,51.8713808435468,52.4686621042801,53.0936997968111,53.6003174037741,54.195745849748,54.9039676861702,55.381208936994,55.9219443778052,56.3800594262598,56.7738569828135,57.1545816991548,57.5258622387079,57.9048988007299,58.2729739001418,58.6963199387726,59.0333212067024,58.4902350604871,58.0659037548608,
Porto Rico,PRI,71.87,72.369,72.663,72.825,73.065,73.14,73.365,73.525,73.769,73.82,73.977,74.315,74.495,74.848,74.985,75.66,76.139,75.425,75.475,74.832,73.644,75.865,
Corée, République démocratique de,PRK,56.987,57.052,57.177,65.031,65.056,65.036,64.969,64.907,65.029,65.712,66.5,67.131,67.898,68.694,69.473,69.743,69.854,70.154,70.307,70.625,70.793,70.831,
Portugal,PRT,72.9,73.4,73.7,74,74.5,74.9,75.2,75.2,75.5,75.8,76.1,77.3,77.3,77.6,78,78.1,78.1,78.4,78.3,78.7,78,78,
Paraguay,PRY,67.063,67.106,66.97,67.276,67.46,67.61,67.899,68.334,68.659,68.962,69.202,69.505,69.829,70.179,70.253,70.548,70.826,70.986,70.946,70.961,70.398,67.434,
Cisjordanie et Gaza,PSE,68.321,67.163,68.959,68.788,68.795,70.19,69.694,69.925,70.301,70.481,70.916,71.105,71.279,72.091,69.816,72.366,72.429,72.729,72.464,73.128,72.164,71.094,
Petits états insulaires du Pacifique,PSS,65.0555810411199,65.2196191951295,65.0717385715069,65.4114787159635,65.6190527440323,65.7840146985193,65.9988905426661,66.0192583596489,66.159110268139,66.0956593567392,66.4497524377405,66.5719684117462,66.6918943577056,66.7020435049511,66.7290876951339,66.6296026681684,66.946707244007,67.2381711370442,67.3394473763238,67.4326799482867,67.5219090934546,67.3069486333564,
de Post-dividende démographique,PST,74.3135988080166,74.6427579457694,74.8290931555724,74.9693437293026,75.4190516617001,75.5246257421033,75.872555210102,76.1435669627933,76.3341454981717,76.6975190367216,76.9545822027598,77.2405735452688,77.4242750527134,77.6272738551044,77.8919421839666,77.795093711405,77.9406266820821,78.0184261206865,78.1069998345923,78.3296954554236,77.3164083072034,77.0994677043425,
Polynésie française,PYF,77.051,77.194,77.239,77.251,77.264,77.312,77.414,77.564,77.867,78.241,78.632,79.031,79.374,79.647,79.847,79.99,80.142,80.291,80.474,80.704,79.321,76.975,
Qatar,QAT,74.106,74.391,74.62,74.76,75.078,74.982,75.347,75.839,76.326,76.808,77.388,77.965,78.395,78.623,78.884,79.227,79.584,79.847,80.028,80.064,78.225,78.314,
Roumanie,ROU,67.7,67.6,67.4,67.7,68,68.4,68.7,69.2,69.2,69.7,69.8,70.8,70.9,71.6,71.3,71.4,71.6,71.7,71.7,71.9,70.4,69.4,
Fédération de Russie,RUS,59.03,58.92,58.68,58.53,58.91,58.92,60.43,61.46,61.92,62.87,63.09,64.04,64.56,65.13,65.29,65.92,66.5,67.51,67.75,68.24,66.49,64.21,
Rwanda,RWA,45.902,47.849,50.124,52.672,54.666,56.316,57.491,58.628,59.582,60.349,60.738,61.247,61.946,62.571,62.764,63.219,63.33,63.556,64.013,64.18,64.358,63.798,
Asie du Sud,SAS,61.9758199117483,62.3096989467403,62.70203507909,63.0401203716356,63.2991658347178,63.5840685007108,63.9268974485901,64.1084393622299,64.3450817615518,64.620714239661,65.0780830706232,65.4621494915568,65.9339354087147,66.4203987645985,67.0276933167276,67.5944489238994,68.090015490837,68.4358905811306,68.7059284649452,68.872210235854,68.0443600410197,65.8939763288468,
Arabie saoudite,SAU,71.128,71.774,72.128,72.388,72.728,73.269,73.526,73.829,74.095,74.334,74.519,75.124,75.33,75.487,75.611,75.766,75.861,75.917,75.921,76.07,74.966,75.59,
Soudan,SDN,55.623,55.768,56.223,55.186,53.371,53.911,57.729,58.652,58.629,60.127,60.654,60.819,61.266,60.917,61.461,62.081,62.23,62.957,63.208,63.432,63.106,62.741,
Sénégal,SEN,55.758,56.36,57.165,57.857,58.86,59.694,60.451,61.14,61.755,62.236,62.805,63.255,63.357,63.803,64.367,64.549,65.073,65.295,65.78,65.947,65.587,64.752,
Singapour,SGP,76,76.3,76.6,76.6,77.1,77.6,77.8,78.1,78.4,78.9,79.2,79.5,79.8,80.1,80.3,80.5,80.7,80.9,81.2,81.4,83.1,81.1,
Îles Salomon,SLB,65.183,65.354,65.56,65.724,65.927,66.1,66.296,66.286,66.696,66.799,67.101,67.301,67.514,67.668,67.741,68.131,68.367,68.582,68.786,69.032,68.791,68.931,
Sierra Leone,SLE,44.097,44.695,45.557,46.181,46.881,47.587,48.739,49.656,50.765,51.852,52.863,53.766,54.55,55.338,55.422,56.151,57.235,57.491,58.419,58.941,58.404,58.758,
El Salvador,SLV,65.35,65.159,65.628,65.468,65.574,65.642,65.965,66.332,66.705,66.957,67.245,67.289,67.26,67.146,66.993,66.834,66.762,66.908,67.352,68.009,66.432,66.078,
Saint-Marin,SMR,,,,,,,,,,,,,,,,,,,,,,,
Somalie,SOM,49.272,49.339,49.334,49.147,49.034,49.176,49.022,48.88,49.456,50.298,48.669,49.625,51.248,51.97,52.267,52.855,52.887,53.577,54.283,55.122,53.967,53.246,
Serbie,SRB,68.9,69.6,69.7,69.9,70,70.2,70.8,70.9,71.3,71.4,71.8,72,72.3,72.6,72.8,72.8,73.2,73.1,73.5,73.4,71.6,69.96,
Afrique subsaharienne (hors revenu élevé),SSA,49.764445145598,50.1214502870151,50.4872153713331,51.0114648275875,51.508948712043,52.1137822035567,52.8674342258181,53.4613796369034,54.0415732612767,54.7277724432705,55.3247481997921,55.9663661703243,56.4932649636413,56.9408972272897,57.3663660858123,57.7652946896961,58.2611809072667,58.6567748681824,59.0100954423378,59.3634484906911,58.9016320417237,58.2631771807149,
Soudan du Sud,SSD,44.538,45.434,46.111,49.181,49.925,50.602,51.135,51.802,52.483,52.724,53.733,53.54,54.556,54.366,52.889,53.927,53.829,53.455,54.487,54.471,53.906,53.429,
Afrique subsaharienne,SSF,49.766670945712,50.1235209341709,50.4891562593007,51.0132291994733,51.5109355542251,52.1154743063352,52.8692015599092,53.4630476946443,54.0430450134487,54.7292151219072,55.3262066424181,55.9675473932124,56.4945358891565,56.9421753983712,57.3674437235898,57.7664948680143,58.2621843157431,58.6578798194708,59.0109821350343,59.3644173928913,58.9028798104409,58.2643357525098,
Petits états,SST,60.8846917584048,60.8854527281031,60.9129436003724,61.0636515182288,61.3069610898762,61.634370310865,62.1743207517745,62.7942282121307,63.3825873586502,63.9475958591516,64.5234854106141,64.9407486985653,65.443219291279,65.8696947365593,66.1910115573438,66.6208358803762,67.0541288150579,67.3854885700693,67.522612127826,67.6828450228564,67.142638198189,65.9760422434439,
Sao Tomé-et-Principe,STP,59.931,60.362,60.838,61.34,61.62,61.463,62.051,62.557,62.79,62.645,62.86,62.699,63.146,63.864,64.119,64.649,64.93,65.532,65.653,65.831,65.16,65.161,
Suriname,SUR,62.548,62.582,62.589,62.649,63.428,63.981,64.509,65.115,65.685,66.305,66.539,66.543,66.473,66.45,66.6,67.571,68.46,69.231,69.285,68.944,69.264,67.207,
République slovaque,SVK,69.1,69.5,69.8,69.8,70.3,70.1,70.4,70.5,70.9,71.3,71.6,72.3,72.5,72.9,73.3,73.1,73.8,73.8,73.9,74.3,73.5,71.3,
Slovénie,SVN,71.9,72.1,72.3,73.2,73.5,74.1,74.55,75,75.4,75.8,76.3,76.8,77.1,77.2,78.2,77.8,78.2,78.2,78.5,78.7,77.8,77.9,
Suède,SWE,77.4,77.6,77.7,77.9,78.4,78.4,78.7,78.9,79.1,79.4,79.5,79.9,79.9,80.2,80.4,80.4,80.6,80.8,80.9,81.5,80.6,81.4,
Eswatini,SWZ,45.1,43.747,42.298,41.65,41.054,40.825,41.531,42.083,42.602,43.549,44.923,46.242,47.703,49.075,50.315,52.062,53.469,54.47,55.882,56.975,56.026,53.366,
Sint Maarten (Dutch part),SXM,72.372,72.372,72.715,71.992,72.086,73.422,73.806,73.103,73.453,72.971,72.476,72.385,72.293,72.319,73.846,74.044,74.044,72.336,72.486,72.541,71.789,71.538,
Seychelles,SYC,67.9,67.4,66.6,66.2,69.1,67.4,68.9,68.9,67.7,68.4,69.1,67.7,69.3,69.9,68.4,70.1,68.7,70.3,68.5,69.9,72.7,71.3,
République arabe syrienne,SYR,68.652,69.536,69.77,70.123,70.406,70.633,70.993,71.214,71.113,71.329,71.352,70.546,62.428,58.832,58.228,60.566,61.574,62.957,65.625,68.224,68.888,69.058,
Îles Turques-et-Caïques,TCA,72.028,72.551,73.279,72.828,73.728,74.199,73.945,73.276,74.26,74.911,73.743,73.767,75.045,74.957,74.768,74.5,74.355,74.026,73.912,72.6,72.198,71.809,
Tchad,TCD,46.325,46.888,47.012,47.307,47.158,47.33,47.083,47.521,47.788,48.045,48.388,48.76,49.255,49.431,49.808,50.09,50.867,50.898,51.372,51.664,51.218,50.845,
Asie de l’Est et Pacifique (BIRD et IDA),TEA,68.4538807596409,68.8260478692887,69.1965344926596,69.4940310773283,69.6282599914953,70.1202535044266,70.4745294100502,70.6995051432658,70.7088975137079,71.1736479760334,71.4094878635157,71.6618144120649,71.8704371816544,72.0903355129033,72.3456757743255,72.5530107209891,72.7149314812254,72.6585373408103,73.1430911282111,73.3626197875685,73.2293684843614,72.8488359782741,
Europe et Asie centrale (BIRD et IDA),TEC,63.6867989670744,63.8832343270459,63.9912218267319,64.1069954999564,64.4242043928827,64.5021184709037,65.2018370241491,65.7279458556854,66.0894945622408,66.7373562629621,67.1367091268189,67.6479842534935,68.0888944333509,68.558021535189,68.7802878058658,69.065421985719,69.4091157951373,69.9406579096597,70.1089016408694,70.4424719387281,68.7743864740009,67.9751371602911,
Togo,TGO,53.671,53.988,54.471,54.864,54.999,55.421,55.856,56.111,56.526,56.699,57.225,57.844,58.028,58.544,58.708,59.173,59.325,59.814,59.829,60.35,60.486,60.849,
Thaïlande,THA,68.434,68.798,69.13,69.371,69.33,70.039,70.952,71.162,71.45,71.817,72.092,72.352,72.68,72.958,73.27,73.544,73.688,74.071,74.315,74.638,74.954,74.518,
Tadjikistan,TJK,60.697,61.823,62.566,63.318,63.685,64.202,64.676,64.926,65.455,65.776,65.365,65.728,66.247,66.662,66.751,66.996,67.254,67.682,68.272,68.862,65.999,69.568,
Turkménistan,TKM,61.326,61.571,61.847,62.178,62.418,62.56,62.908,63.368,64.01,64.586,64.937,65.226,65.496,65.484,65.219,65.396,65.538,65.593,65.408,65.552,65.392,65.865,
Amérique latine et Caraïbes (BIRD et IDA),TLA,67.8683140369463,68.109485678973,68.4809307330902,68.7403974903685,69.0555971896534,69.4627665097955,69.6756005298463,69.8218531252234,70.0587422201289,70.2853604020325,70.1894600018342,70.6841339303167,70.8948755714992,71.1975895121922,71.4410816165297,71.4611759799544,71.3622711381065,71.5993130162412,71.699558231304,71.8800735204458,69.5492689973286,68.7196886519135,
Timor-Leste,TLS,57.158,57.929,58.705,59.42,60.129,60.839,61.588,62.208,62.783,63.314,63.769,64.167,64.522,64.84,65.171,65.539,65.869,66.188,66.468,66.721,66.837,66.1,
Afrique du Nord et Moyen-Orient (BIRD et IDA),TMN,66.5195764727086,66.8658422575241,67.2071297688349,66.9564806344295,67.37419507432,67.5941488589895,67.642223819761,67.9767177207273,68.3954934111825,68.7890267926509,68.9879423987801,69.1921510004304,68.9512320687891,68.9376301310294,69.2900516622025,69.604127197848,69.7128123503652,70.1758146030762,70.4915334084817,70.7270346698035,69.7356523541705,69.5130632246939,
Tonga,TON,65.7,65.924,66.176,66.388,66.625,66.836,67.013,67.233,67.382,67.277,67.567,67.63,67.709,67.79,67.844,67.925,67.991,68.065,68.149,68.265,68.337,68.416,
Asie du Sud (BIRD et IDA),TSA,61.9758199117483,62.3096989467403,62.70203507909,63.0401203716356,63.2991658347178,63.5840685007108,63.9268974485902,64.1084393622299,64.3450817615518,64.620714239661,65.0780830706232,65.4621494915568,65.9339354087147,66.4203987645985,67.0276933167276,67.5944489238994,68.090015490837,68.4358905811306,68.7059284649452,68.872210235854,68.0443600410197,65.8939763288468,
Afrique subsaharienne (BIRD et IDA),TSS,49.766670945712,50.1235209341709,50.4891562593007,51.0132291994733,51.5109355542251,52.1154743063352,52.8692015599092,53.4630476946444,54.0430450134487,54.7292151219072,55.3262066424181,55.9675473932124,56.4945358891565,56.9421753983712,57.3674437235898,57.7664948680143,58.2621843157431,58.6578798194708,59.0109821350343,59.3644173928913,58.9028798104409,58.2643357525098,
Trinité-et-Tobago,TTO,66.453,66.781,67.201,66.686,67.722,67.866,68.271,68.586,68.192,69.51,69.309,70.078,70.635,70.78,70.963,71.052,70.879,70.782,70.299,70.828,70.983,69.662,
Tunisie,TUN,71.115,71.311,71.525,71.745,71.859,72.038,72.189,72.311,72.451,72.456,72.552,72.536,72.669,72.733,72.757,72.77,72.76,72.825,72.864,72.895,71.837,70.743,
Turquie,TUR,68.582,68.957,69.318,69.624,69.996,70.278,70.624,70.987,71.248,71.57,71.927,71.779,72.517,73.162,73.468,73.498,73.448,73.985,74.417,74.68,72.772,73.04,
Tuvalu,TUV,61.308,61.275,61.199,61.144,61.087,61.042,60.978,60.833,60.694,60.623,60.607,60.551,60.504,60.491,60.478,60.481,60.495,60.517,60.57,60.592,60.67,60.816,
Tanzanie,TZA,51.203,51.945,52.632,53.712,54.433,55.151,55.635,56.161,56.739,57.571,58.35,59.094,59.931,60.718,61.589,62.381,63.172,63.862,64.475,64.921,64.373,64.183,
Ouganda,UGA,46.044,46.882,47.668,48.759,50.182,51.596,52.76,53.659,54.211,54.7,55.249,56.116,56.789,57.596,58.462,59.071,59.4,60.1,60.587,60.893,60.715,60.423,
Ukraine,UKR,62.1,62.32,62.7,62.64,62.6,62.23,62.38,62.51,62.51,63.79,65.28,65.98,66.11,66.34,66.25,66.37,66.73,67.02,66.69,66.92,66.39,65.16,
Revenu intermédiaire, tranche supérieure,UMC,67.814094758734,68.1449889184553,68.442566632345,68.6768294297736,68.8493227045353,69.2902312637689,69.6720294190311,69.9418186460965,70.1708163998529,70.5820531867144,70.8362484862913,71.1433230059448,71.4294265282424,71.7168729400899,71.9881871823478,72.2034028418623,72.3285485877405,72.4359880995522,72.8765891635395,73.1114382562959,72.2072841629982,71.7924518693625,
Uruguay,URY,70.575,70.85,71.135,71.419,71.683,71.91,72.109,72.271,72.412,72.534,72.649,72.764,72.888,73.029,73.196,73.392,73.586,73.732,73.753,73.579,74.688,71.654,
États-Unis,USA,74.1,74.3,74.4,74.5,75,75,75.2,75.5,75.6,76,76.2,76.3,76.4,76.4,76.5,76.3,76.1,76.1,76.2,76.3,74.2,73.5,
Ouzbékistan,UZB,62.727,63.086,63.636,64.043,64.302,64.695,65.202,65.559,66.086,66.18,66.655,67.067,67.277,67.174,67.379,67.657,68.016,68.257,68.479,68.782,67.876,68.334,
Saint-Vincent-et-les Grenadines,VCT,68.808,69.264,69.327,69.821,70.711,71.071,71.489,72.245,72.35,72.571,72.24,72.221,71.665,71.443,71.974,71.99,71.894,71.98,71.816,70.533,69.812,67.354,
Venezuela,VEN,69.073,67.526,69.188,68.292,68.95,69.138,68.894,69.129,68.325,68.523,68.918,68.983,68.949,69.297,68.887,69.041,67.757,67.935,67.832,68.034,66.739,66.259,
Îles Vierges britanniques,VGB,71.664,71.661,71.846,72.028,72.297,72.32,73.218,72.492,73.046,72.646,72.949,72.979,72.991,72.984,72.997,73.014,73.031,72.338,73.093,73.113,73.11,71.749,
Îles Vierges (EU),VIR,73.4,74.5,74.4,74.4,74.7,74.3,75.3,73.4,73.7,74.1,74.5,75,75.2,75.4,75.6,75.7,75.9,76.1,76.3,76.4,76.6,76.8,
Viet Nam,VNM,67.773,67.952,68.075,68.228,68.348,68.543,68.579,68.67,68.613,68.751,68.784,68.984,69.007,69.094,69.149,69.144,69.18,69.26,69.245,69.369,70.787,69.117,
Vanuatu,VUT,66.865,66.962,67.159,67.214,67.257,67.343,67.427,67.505,67.566,67.623,67.599,67.508,67.472,67.49,67.499,67.551,67.652,67.645,67.75,67.801,68.547,68.397,
Monde,WLD,65.4730642057711,65.7640172095957,66.0509645526589,66.3062749021408,66.5601196646005,66.8718715543449,67.2241982852538,67.4709916106945,67.6592383737284,68.0349911507858,68.3098593188527,68.6387527590289,68.9045839589723,69.1924055163373,69.5229375833308,69.759333733021,69.9953793136126,70.1698102815764,70.4316824185661,70.623134051809,69.7994103625221,68.8857076777592,
Samoa,WSM,68.063,68.349,68.615,68.845,69.036,69.136,69.385,69.481,69.55,67.844,69.702,69.77,69.709,69.916,70.015,70.077,70.107,70.158,70.211,69.767,70.341,70.312,
Kosovo,XKX,72.383,72.689,73.045,73.311,73.663,73.975,74.15,74.766,75.422,75.24,75.133,75.154,75.651,75.876,76.174,76.282,76.494,76.32,76.353,76.688,73.99,74.151,
Yémen, Rép. du,YEM,60.619,61.27,61.946,62.556,63.138,63.65,63.939,64.535,65.037,65.076,65.165,65.348,65.275,65.557,65.334,63.005,63.32,63.108,60.901,61.807,61.636,60.629,
Afrique du Sud,ZAF,55.397,54.565,53.191,51.97,51.891,52.064,52.209,52.691,53.488,54.728,56.067,57.731,58.775,59.352,60.062,60.709,61.307,61.954,62.203,62.834,62.178,59.458,
Zambie,ZMB,43.895,44.664,45.802,47.001,48.397,49.588,50.643,51.459,52.371,53.831,54.916,55.804,56.789,57.831,58.468,58.785,59.349,59.527,59.674,60.08,59.643,58.487,
Zimbabwe,ZWE,42.941,41.473,43.334,42.855,43.499,43.925,44.291,44.863,45.61,46.644,48.948,51.103,53.355,55.186,56.637,57.32,57.956,58.208,58.968,58.644,58.129,56.232,
