Country Name;Country Code;2000;2001;2002;2003;2004;2005;2006;2007;2008;2009;2010;2011;2012;2013;2014;2015;2016;2017;2018;2019;2020;2021;2022
Aruba;ABW;180;180;180;180;180;180;180;180;180;180;180;180;180;180;180;180;180;180;180;180;180;180;
;AFE;14571611;14571611;14571611;14571611;14720190.922;14720236.092;14720228.252;14720274.665;14720236.89;14720269.284;14720957.055;14721207.05;14845137.142;14845099.326;14845052.467;14845106.128;14845113.968;14845102.053;14845117.143;14845129.404;14845090.094;14845090.094;
Afghanistan;AFG;652230;652230;652230;652230;652230;652230;652230;652230;652230;652230;652230;652230;652230;652230;652230;652230;652230;652230;652230;652230;652230;652230;
;AFW;9045780;9045780;9045780;9045780;9045780;9045780;9045780;9045780;9045780;9045780;9045780;9045780;9045780;9045780;9045780;9045780;9045780;9045780;9045780;9045780;9045773;9045773;
Angola;AGO;1246700;1246700;1246700;1246700;1246700;1246700;1246700;1246700;1246700;1246700;1246700;1246700;1246700;1246700;1246700;1246700;1246700;1246700;1246700;1246700;1246700;1246700;
Albanie;ALB;27400;27400;27400;27400;27400;27400;27400;27400;27400;27400;27400;27400;27400;27400;27400;27400;27400;27400;27400;27400;27400;27400;
Andorre;AND;470;470;470;470;470;470;470;470;470;470;470;470;470;470;470;470;470;470;470;470;470;470;
Le monde arabe;ARB;13611431;13611431;13611431;13611251;13611241;13611251;13611311;13611331;13611341;13608831;13608823;13608828;13100831;13100639;13100520;13100528;13100529;13100530;13100528;13100544;13100549;13100559;
Émirats arabes unis;ARE;71020;71020;71020;71020;71020;71020;71020;71020;71020;71020;71020;71020;71020;71020;71020;71020;71020;71020;71020;71020;71020;71020;
Argentine;ARG;2736690;2736690;2736690;2736690;2736690;2736690;2736690;2736690;2736690;2736690;2736690;2736690;2736690;2736690;2736690;2736690;2736690;2736690;2736690;2736690;2736690;2736690;
Arménie;ARM;28470;28470;28470;28470;28470;28470;28470;28470;28470;28470;28470;28470;28470;28470;28470;28470;28470;28470;28470;28470;28470;28470;
Samoa américaines;ASM;200;200;200;200;200;200;200;200;200;200;200;200;200;200;200;200;200;200;200;200;200;200;
Antigua-et-Barbuda;ATG;440;440;440;440;440;440;440;440;440;440;440;440;440;440;440;440;440;440;440;440;440;440;
Australie;AUS;7682300;7682300;7682300;7682300;7682300;7682300;7682300;7682300;7682300;7682300;7682300;7682300;7682300;7682300;7682300;7682300;7692020;7692020;7692020;7692020;7692020;7692020;
Autriche;AUT;82520;82520;82520;82520;82520;82520;82520;82520;82520;82520;82520;82520;82520;82520;82520;82520;82520;82520;82520;82520;82520;82520;
Azerbaïdjan;AZE;82605;82604;82618;82652;82672;82660;82637;82629;82627;82622;82656;82658;82658;82659;82663;82663;82670;82662;82654;82654;82646;82650;
Burundi;BDI;25680;25680;25680;25680;25680;25680;25680;25680;25680;25680;25680;25680;25680;25680;25680;25680;25680;25680;25680;25680;25680;25680;
Belgique;BEL;30280;30280;30280;30280;30280;30280;30280;30280;30280;30280;30280;30280;30280;30280;30280;30280;30280;30280;30280;30280;30280;30280;
Bénin;BEN;112760;112760;112760;112760;112760;112760;112760;112760;112760;112760;112760;112760;112760;112760;112760;112760;112760;112760;112760;112760;112760;112760;
Burkina Faso;BFA;273600;273600;273600;273600;273600;273600;273600;273600;273600;273600;273600;273600;273600;273600;273600;273600;273600;273600;273600;273600;273600;273600;
Bangladesh;BGD;130170;130170;130170;130170;130170;130170;130170;130170;130170;130170;130170;130170;130170;130170;130170;130170;130170;130170;130170;130170;130170;130170;
Bulgarie;BGR;110630;110630;108800;108770;108760;108640;108630;108610;108610;108560;108560;108560;108560;108560;108560;108560;108560;108560;108560;108560;108560;108560;
Bahreïn;BHR;710;710;710;720;730;740;740;750;760;760;762;767;770;770;771;778;779;780;778;780;785;790;
Bahamas;BHS;10010;10010;10010;10010;10010;10010;10010;10010;10010;10010;10010;10010;10010;10010;10010;10010;10010;10010;10010;10010;10010;10010;
Bosnie-Herzégovine;BIH;51200;51200;51200;51200;51200;51200;51200;51200;51200;51200;51200;51200;51200;51200;51200;51200;51200;51200;51200;51200;51200;51200;
Bélarus;BLR;202848;202844;202829;202826;202815;202833;202904;202901;202902;202898;202902;202910;202899;202908;202973;202978;202988;202988;202980;202965;202980;202950;
Belize;BLZ;22810;22810;22810;22810;22810;22810;22810;22810;22810;22810;22810;22810;22810;22810;22810;22810;22810;22810;22810;22810;22810;22810;
Bermudes;BMU;54;54;54;54;54;54;54;54;54;54;54;54;54;54;54;54;54;54;54;54;54;54;
Bolivie;BOL;1083300;1083300;1083300;1083300;1083300;1083300;1083300;1083300;1083300;1083300;1083300;1083300;1083300;1083300;1083300;1083300;1083300;1083300;1083300;1083300;1083300;1083300;
Brésil;BRA;8358140;8358140;8358140;8358140;8358140;8358140;8358140;8358140;8358140;8358140;8358140;8358140;8358140;8358140;8358140;8358140;8358140;8358140;8358140;8358140;8358140;8358140;
Barbade;BRB;430;430;430;430;430;430;430;430;430;430;430;430;430;430;430;430;430;430;430;430;430;430;
Brunéi Darussalam;BRN;5270;5270;5270;5270;5270;5270;5270;5270;5270;5270;5270;5270;5270;5270;5270;5270;5270;5270;5270;5270;5270;5270;
Bhoutan;BTN;39800;39800;39800;39800;38117;38117;38117;38117;38117;38117;38117;38117;38117;38117;38117;38117;38144;38144;38140;38140;38140;38140;
Botswana;BWA;566730;566730;566730;566730;566730;566730;566730;566730;566730;566730;566730;566730;566730;566730;566730;566730;566730;566730;566730;566730;566730;566730;
République centrafricaine;CAF;622980;622980;622980;622980;622980;622980;622980;622980;622980;622980;622980;622980;622980;622980;622980;622980;622980;622980;622980;622980;622980;622980;
Canada;CAN;8965590;8965590;8965590;8965590;8965590;8965590;8965590;8965590;8965590;8965590;8965590;8965590;8965590;8965590;8965590;8965590;8965590;8965590;8965590;8965590;8965590;8788700;
Europe centrale et les pays baltes;CEB;1104969;1104969;1103299;1103361;1103471;1103321;1103291;1103181;1103162.2;1104161.8;1104143.2;1104209;1104048.7;1105114;1105841;1105835.6;1105825;1105100.1;1105067.4;1104992.9;1105004.93;1104953.23;
Suisse;CHE;39523.581;39522.36;39521.139;39519.917;39518.694;39517.47;39516.245;39515.02;39514.422;39513.824;39513.225;39512.626;39512.028;39511.428;39510.829;39510.23;39509.63;39509.63;39509.63;39509.63;39509.63;39509.63;
Îles Anglo-Normandes;CHI;198;198;198;198;198;198;198;198;198;198;198;198;198;198;198;198;198;198;198;198;198;198;
Chili;CHL;743532;743532;743532;743532;743532;743532;743532;743532;743532;743532;743532;743532;743532;743532;743532;743532;743532;743532;743532;743532;743532;743532;
Chine;CHN;9388220;9388214.2;9388213.2;9388212.7;9388212.5;9388211.8;9388211.4;9388210.8;9388210.8;9388211;9388211;9388211;9388211;9388211;9388211;9388211;9388210;9388210;9388210;9388210;9388210;9388210;
Côte d'Ivoire;CIV;318000;318000;318000;318000;318000;318000;318000;318000;318000;318000;318000;318000;318000;318000;318000;318000;318000;318000;318000;318000;318000;318000;
Cameroun;CMR;472710;472710;472710;472710;472710;472710;472710;472710;472710;472710;472710;472710;472710;472710;472710;472710;472710;472710;472710;472710;472710;472710;
Congo, République démocratique du;COD;2267050;2267050;2267050;2267050;2267050;2267050;2267050;2267050;2267050;2267050;2267050;2267050;2267050;2267050;2267050;2267050;2267050;2267050;2267050;2267050;2267050;2267050;
Congo, République du;COG;341500;341500;341500;341500;341500;341500;341500;341500;341500;341500;341500;341500;341500;341500;341500;341500;341500;341500;341500;341500;341500;341500;
Colombie;COL;1109500;1109500;1109500;1109500;1109500;1109500;1109500;1109500;1109500;1109500;1109500;1109500;1109500;1109500;1109500;1109500;1109500;1109500;1109500;1109500;1109500;1109500;
Comores;COM;1861;1861;1861;1861;1861;1861;1861;1861;1861;1861;1861;1861;1861;1861;1861;1861;1861;1861;1861;1861;1861;1861;
Cabo Verde;CPV;4030;4030;4030;4030;4030;4030;4030;4030;4030;4030;4030;4030;4030;4030;4030;4030;4030;4030;4030;4030;4030;4030;
Costa Rica;CRI;51060;51060;51060;51060;51060;51060;51060;51060;51060;51060;51060;51060;51060;51060;51060;51060;51060;51060;51060;51060;51060;51060;
Petits états des Caraïbes;CSS;404850;404850;404850;404850;404850;404850;404850;404850;404850;404850;404850;404850;404850;404850;404850;404850;404850;404850;404850;404850;404850;404850;
Cuba;CUB;107400;107400;106390;106400;106410;106440;106430;106440;106440;106440;106440;106863;106649;104220;104020;104100;104040;103800;103800;103800;103800;103800;
Curacao;CUW;;;;;;;;;;;;444;444;444;444;444;444;444;444;444;444;444;
Îles Caïmans;CYM;240;240;240;240;240;240;240;240;240;240;240;240;240;240;240;240;240;240;240;240;240;240;
Chypre;CYP;9240;9240;9240;9240;9240;9240;9240;9240;9240;9240;9240;9240;9240;9240;9240;9240;9240;9240;9240;9240;9240;9240;
République tchèque;CZE;77270;77270;77270;77270;77260;77260;77250;77250;77240;77240;77230;77230;77230;77220;77220;77210;77210;77210;77210;77205.5;77198.53;77186.83;
Allemagne;DEU;348950;348900;348860;348810;348770;348760;348720;348670;348630;348610;348570;348560;348540;348880;348900;348860;349360;349370;349380;349390;349390;349390;
Djibouti;DJI;23180;23180;23180;23180;23180;23180;23180;23180;23180;23180;23180;23180;23180;23180;23180;23180;23180;23180;23180;23180;23180;23180;
Dominique;DMA;750;750;750;750;750;750;750;750;750;750;750;750;750;750;750;750;750;750;750;750;750;750;
Danemark;DNK;40000;40000;40000;40000;40000;40000;40000;40000;40000;40000;40000;40000;40000;40000;40000;40000;40000;40000;40000;40000;40000;40000;
République dominicaine;DOM;48310;48310;48310;48310;48310;48310;48310;48310;48310;48310;48310;48310;48310;48310;48310;48310;48310;48310;48310;47531;47531;47531;
Algérie;DZA;2381740;2381740;2381740;2381740;2381740;2381740;2381740;2381740;2381740;2381740;2381740;2381740;2381740;2381740;2381740;2381741;2381741;2381741;2381741;2381741;2381741;2381741;
Asie de l’Est et Pacifique (hors revenu élevé);EAP;15975027.742;15975051.942;15974511.168;15981277.758;15980915.519;15983621.891;15986704.493;15986516.893;15986546.887;15986507.134;15986826.418;15986805.947;15986838.946;15986320.383;15986683.921;15986698.4;15986401.4;15986337.4;15986313;15986316;15986534.803;16001571.47;
de dividende précoce démographique;EAR;33187094;33187040;33187040;33186826;33313586.297;33313534.766;33313719.221;33313941.059;33313661.396;33314189.692;33314070.952;33314027.061;33313888.022;33313797.048;33312370.282;33317194.353;33316932.509;33310584.82;33310596.429;33309810.858;33309874.265;33324923.735;
Asie de l’Est et Pacifique;EAS;24446988.742;24447298.942;24446814.168;24453602.758;24453263.519;24455999.891;24459118.093;24458972.093;24459077.087;24459107.634;24459569.118;24459540.847;24459695.846;24459294.683;24459664.221;24459693.8;24469160.9;24469121.2;24469110.9;24469195.9;24469416.703;24484453.47;
Europe et Asie centrale (hors revenu élevé);ECA;22298628;22297669;22296328;22296325;22296560;22296652;22393931;22393804;22392906;22392815;22392760;22392687;22392677;22392696;22391561;22396381;22396389;22396398;22396476.3;22396429.9;22393160.6;22393223;
Europe et Asie centrale;ECS;27344059.768;27342569.547;27341867.326;27342375.104;27342358.881;27342279.657;27438907.432;27438749.207;27437291.809;27438179.811;27439415.612;27439247.813;27439386.915;27440674.775;27440271.616;27444550.257;27444905.087;27444169.807;27444846.536;27444670.143;27440570.424;27440754.488;
Équateur;ECU;248360;248360;248360;248360;248360;248360;248360;248360;248360;248360;248360;248360;248360;248360;248360;248360;248360;248360;248360;248360;248360;248360;
Égypte, République arabe d’;EGY;995450;995450;995450;995450;995450;995450;995450;995450;995450;995450;995450;995450;995450;995450;995450;995450;995450;995450;995450;995450;995450;995450;
Zone euro;EMU;2679346.46;2678816.46;2679296.46;2679726.46;2679346.46;2679206.46;2678576.46;2678636.46;2678097.66;2678017.26;2679328.66;2679164.46;2679474.16;2680874.66;2680862.06;2680277.66;2680670.06;2679948.51;2680001.939;2679977.496;2679977.105;2680151.404;
Érythrée;ERI;101000;101000;101000;101000;120982.625;121025.326;121004.031;121032.606;121057.494;121069.592;121065.103;121088.989;121082.12;121049.278;121036.185;121088.775;121077.459;121071.233;121077.714;121080.546;121040.829;121040.829;
Espagne;ESP;499000;498520;499040;499210;499180;499090;498980;499110;498800;498660;500010;499880;500210;500210;500210;499661;499564;499547.35;499603.479;499570.036;499556.645;499733.244;
Estonie;EST;42390;42390;42390;42390;42390;42390;42390;42390;42390;42390;42390;42390;42390;43470;43470;43470;43470;42750;42750;42750;42750;42750;
Éthiopie;ETH;1000000;1000000;1000000;1000000;1128597.297;1128599.766;1128613.221;1128631.059;1128568.396;1128588.692;1128570.952;1128575.061;1128582.022;1128572.048;1128538.282;1128539.353;1128558.509;1128552.82;1128561.429;1128570.858;1128571.265;1128571.265;
Union européenne;EUU;3996118.16;3995588.16;3994398.16;3994880.16;3994620.16;3994330.16;3993670.16;3993620.16;3993061.36;3993990.96;3995282.36;3995188.16;3995337.86;3996728.36;3997475.76;3996852.3;3997244.7;3996523.15;3996556.579;3996440.586;3996449.167;3996581.774;
Fragile et les situations de conflit touchées;FCS;20185971;20185971;20185961;20185771;20334210.922;20334236.092;20334378.252;20334454.665;20334196.89;20331169.284;20331097.055;20331155.05;20454945.142;20454640.326;20454563.467;20454617.128;20454324.968;20454293.053;20454358.143;20454370.404;20454301.094;20454306.094;
Finlande;FIN;304590;304590;304590;304590;304590;304590;304110;304090;303900;303900;303900;303890;303890;303890;303890;303910;303910;303920;303920;303930;303940;303947.7;
Fidji;FJI;18270;18270;18270;18270;18270;18270;18270;18270;18270;18270;18270;18270;18270;18270;18270;18270;18270;18270;18270;18270;18270;18270;
France;FRA;547567;547567;547567;547867;547567;547557;547557;547557;547557;547557;547557;547557;547557;547557;547557;547557;547557;547557;547557;547557;547557;547557;
Îles Féroé;FRO;1396;1396;1396;1396;1396;1396;1396;1396;1396;1396;1396;1396;1396;1396;1396;1396;1396;1396;1396;1396;1366;1370;
Micronésie, États fédérés de;FSM;700;700;700;700;700;700;700;700;700;700;700;700;700;700;700;700;700;700;700;700;700;700;
Gabon;GAB;257670;257670;257670;257670;257670;257670;257670;257670;257670;257670;257670;257670;257670;257670;257670;257670;257670;257670;257670;257670;257670;257670;
Royaume-Uni;GBR;241930;241930;241930;241930;241930;241930;241930;241930;241930;241930;241930;241930;241930;241930;241930;241930;241930;241930;241930;241930;241930;241930;
Géorgie;GEO;69490;69490;69490;69490;69490;69490;69490;69490;69490;69490;69490;69490;69490;69490;69490;69490;69490;69490;69490;69490;69490;69490;
Ghana;GHA;227540;227540;227540;227540;227540;227540;227540;227540;227540;227540;227540;227540;227540;227540;227540;227540;227540;227540;227540;227540;227533;227533;
Gibraltar;GIB;10;10;10;10;10;10;10;10;10;10;10;10;10;10;10;10;10;10;10;10;10;10;
Guinée;GIN;245720;245720;245720;245720;245720;245720;245720;245720;245720;245720;245720;245720;245720;245720;245720;245720;245720;245720;245720;245720;245720;245720;
Gambie;GMB;10120;10120;10120;10120;10120;10120;10120;10120;10120;10120;10120;10120;10120;10120;10120;10120;10120;10120;10120;10120;10120;10120;
Guinée-Bissau;GNB;28120;28120;28120;28120;28120;28120;28120;28120;28120;28120;28120;28120;28120;28120;28120;28120;28120;28120;28120;28120;28120;28120;
Guinée équatoriale;GNQ;28050;28050;28050;28050;28050;28050;28050;28050;28050;28050;28050;28050;28050;28050;28050;28050;28050;28050;28050;28050;28050;28050;
Grèce;GRC;128900;128900;128900;128900;128900;128900;128900;128900;128900;128900;128900;128900;128900;128900;128900;128900;128900;128900;128900;128900;128900;128900;
Grenade;GRD;340;340;340;340;340;340;340;340;340;340;340;340;340;340;340;340;340;340;340;340;340;340;
Groenland;GRL;410450;410450;410450;410450;410450;410450;410450;410450;410450;410450;410450;410450;410450;410450;410450;410450;410450;410450;410450;410450;410450;410450;
Guatemala;GTM;107160;107160;107160;107160;107160;107160;107160;107160;107160;107160;107160;107160;107160;107160;107160;107160;107160;107160;107160;107160;107160;107160;
Guam;GUM;540;540;540;540;540;540;540;540;540;540;540;540;540;540;540;540;540;540;540;540;540;540;
Guyana;GUY;196850;196850;196850;196850;196850;196850;196850;196850;196850;196850;196850;196850;196850;196850;196850;196850;196850;196850;196850;196850;196850;196850;
Revenu élevé;HIC;35444478.768;35444233.547;35444928.326;35445471.104;35445252.881;35445121.657;35444506.032;35444526.407;35429552.009;35430601.311;35432036.312;35432466.713;35432740.815;35434127.075;35434525.916;35434006.657;35444118.587;35443399.607;35444070.136;35444024.143;35443200.724;35266437.488;
Chine, RAS de Hong Kong;HKG;1050;1050;1050;1050;1050;1050;1050;1050;1050;1050;1050;1050;1050;1050;1050;1050;1050;1050;1050;1050;1050;1050;
Honduras;HND;111890;111890;111890;111890;111890;111890;111890;111890;111890;111890;111890;111890;111890;111890;111890;111890;111890;111890;111890;111890;111890;111890;
Pays pauvres très endettés (PPTE);HPC;19753191;19753191;19753191;19753191;19901770.922;19901816.092;19901808.252;19901854.665;19901816.89;19901849.284;19902537.055;19902820.05;19394820.142;19394782.326;19394735.467;19394789.128;19394796.968;19394785.053;19394800.143;19394812.404;19394766.094;19394766.094;
Croatie;HRV;55912;55912;55912;55964;55964;55964;55964;55964;55964;55964;55964;55964;55964;55964;55964;55964;55964;55964;55964;55964;55960;55960;
Haïti;HTI;27560;27560;27560;27560;27560;27560;27560;27560;27560;27560;27560;27560;27560;27560;27560;27560;27560;27560;27560;27560;27560;27560;
Hongrie;HUN;89620;89620;89620;89620;89620;89610;89610;89610;89610;90530;90530;90530;90530;90530;91260;91260;91260;91260;91260;91260;91260;91260;
BIRD seulement;IBD;70871444.742;70870563.942;70868842.168;70875721.758;70875878.519;70878720.891;70978961.493;70978372.893;70977721.887;70975253.134;70975600.418;70975596.947;70975608.946;70974998.383;70975210.921;70975231.4;70975251.4;70969019.4;70969164.3;70968327.9;70965228.403;70980294.47;
BIRD et IDA;IBT;95686750.742;95685815.942;95684094.168;95690749.758;95837639.441;95840462.983;95940866.745;95940518.558;95939602.777;95937134.418;95938066.473;95938292.997;96062086.088;96061356.709;96060348.388;96064420.528;96064166.368;96057839.453;96057915.443;96057059.774;96053974.497;96069043.564;
IDA totale;IDA;24815306;24815252;24815252;24815028;24961760.922;24961742.092;24961905.252;24962145.665;24961880.89;24961881.284;24962466.055;24962696.05;25086477.142;25086358.326;25085137.467;25089189.128;25088914.968;25088820.053;25088751.143;25088731.874;25088746.094;25088749.094;
IDA mélange;IDB;4379935;4379881;4379881;4379847;4379823;4379819;4379820;4379954;4379937;4379915;4379862;4379779;4379770;4379759;4379759;4384570;4384561;4384558;4384557;4384525;4384620;4384623;
Indonésie;IDN;1877519;1877519;1877519;1877519;1877519;1877519;1877519;1877519;1877519;1877519;1877519;1877519;1877519;1877519;1877519;1877519;1877519;1877519;1877519;1877519;1877519;1892555.47;
IDA seulement;IDX;20435371;20435371;20435371;20435181;20581937.922;20581923.092;20582085.252;20582191.665;20581943.89;20581966.284;20582604.055;20582917.05;20706707.142;20706599.326;20705378.467;20704619.128;20704353.968;20704262.053;20704194.143;20704206.874;20704126.094;20704126.094;
Île de Man;IMN;570;570;570;570;570;570;570;570;570;570;570;570;570;570;570;570;570;570;570;570;570;570;
Inde;IND;2973190;2973190;2973190;2973190;2973190;2973190;2973190;2973190;2973190;2973190;2973190;2973190;2973190;2973190;2973190;2973190;2973190;2973190;2973190;2973190;2973190;2973190;
Non classifié;INX;;;;;;;;;;;;;;;;;;;;;;;
Irlande;IRL;68890;68890;68890;68890;68890;68890;68890;68890;68890;68890;68890;68890;68890;68890;68890;68890;68890;68890;68890;68890;68890;68890;
Iran, République islamique d’;IRN;1628760;1628760;1628760;1628760;1628760;1628760;1628760;1628760;1628760;1628760;1628760;1628760;1628760;1628760;1628760;1628760;1628760;1622500;1622500;1622500;1622500;1622500;
Iraq;IRQ;437370;437370;437370;437370;437370;437370;437370;437370;437370;434320;434320;434320;434320;434128;434128;434128;434128;434128;434128;434128;434128;434128;
Islande;ISL;100250;100250;100250;100250;100250;100250;100250;100250;100250;100250;100250;100250;100250;100250;100250;100250;100250;100250;100830;100830;100830;100830;
Israël;ISR;21640;21640;21640;21640;21640;21640;21640;21640;21640;21640;21640;21640;21640;21640;21640;21640;21640;21640;21640;21640;21640;21640;
Italie;ITA;295718;295718;295718;295718;295718;295718;295718;295718;295718;295718;295718;295718;295718;295718;295718;295718;295718;295718;295718;295717;295717;295717;
Jamaïque;JAM;10830;10830;10830;10830;10830;10830;10830;10830;10830;10830;10830;10830;10830;10830;10830;10830;10830;10830;10830;10830;10830;10830;
Jordanie;JOR;88240;88240;88240;88240;88240;88240;88240;88240;88240;88780;88780;88780;88780;88780;88780;88780;88780;88780;88780;88794;88794;88794;
Japon;JPN;364500;364500;364500;364500;364500;364500;364500;364500;364500;364500;364500;364500;364500;364500;364500;364500;364500;364500;364500;364500;364500;364500;
Kazakhstan;KAZ;2699700;2699700;2699700;2699700;2699700;2699700;2699700;2699700;2699700;2699700;2699700;2699700;2699700;2699700;2699700;2699700;2699700;2699700;2699700;2699700;2699700;2699700;
Kenya;KEN;569140;569140;569140;569140;569140;569140;569140;569140;569140;569140;569140;569140;569140;569140;569140;569140;569140;569140;569140;569140;569140;569140;
République kirghize;KGZ;191800;191800;191800;191800;191800;191800;191800;191800;191800;191800;191800;191800;191800;191800;191800;191800;191800;191800;191800;191800;191800;191800;
Cambodge;KHM;176520;176520;176520;176520;176520;176520;176520;176520;176520;176520;176520;176520;176520;176520;176520;176520;176520;176520;176520;176520;176520;176520;
Kiribati;KIR;810;810;810;810;810;810;810;810;810;810;810;810;810;810;810;810;810;810;810;810;810;810;
Saint-Kitts-et-Nevis;KNA;260;260;260;260;260;260;260;260;260;260;260;260;260;260;260;260;260;260;260;260;260;260;
Corée, République de;KOR;96460;96740;96790;96800;96820;96850;96880;96920;96990;97060;97200;97190;97310;97426;97430;97445;97489;97510;97520;97600;97600;97600;
Koweït;KWT;17820;17820;17820;17820;17820;17820;17820;17820;17820;17820;17820;17820;17820;17820;17820;17820;17820;17820;17820;17820;17820;17820;
Amérique latine et Caraïbes (hors revenu élevé);LAC;17943410;17943410;17942400;17942410;17942420;17942450;17942440;17942450;17942450;17942450;17942450;17942873;17942659;17940230;17940030;17940110;17940050;17939810;17939810;17939031;17939031;17939031;
République démocratique populaire lao;LAO;230800;230800;230800;230800;230800;230800;230800;230800;230800;230800;230800;230800;230800;230800;230800;230800;230800;230800;230800;230800;230800;230800;
Liban;LBN;10230;10230;10230;10230;10230;10230;10230;10230;10230;10230;10230;10230;10230;10230;10230;10230;10230;10230;10230;10230;10230;10230;
Libéria;LBR;96320;96320;96320;96320;96320;96320;96320;96320;96320;96320;96320;96320;96320;96320;96320;96320;96320;96320;96320;96320;96320;96320;
Libye;LBY;1759540;1759540;1759540;1759540;1759540;1759540;1759540;1759540;1759540;1759540;1759540;1759540;1759540;1759540;1759540;1759540;1759540;1759540;1759540;1759540;1759540;1759540;
Sainte-Lucie;LCA;610;610;610;610;610;610;610;610;610;610;610;610;610;610;610;610;610;610;610;610;610;610;
Amérique latine et Caraïbes;LCN;20042212;20042212;20041202;20041212;20041222;20041252;20041242;20041252;20041252;20041252;20041252;20042203;20041989;20039560;20039140;20039220;20039160;20038920;20038980;20038201;20038201;20038201;
Pays les moins avancés: classement de l’ONU;LDC;20127151;20127151;20127151;20127151;20273927.922;20273913.092;20274015.252;20274111.665;20273863.89;20273886.284;20274534.055;20274847.05;20398637.142;20398529.326;20398482.467;20398536.128;20398270.968;20398229.053;20398190.143;20398202.404;20398133.094;20398133.094;
Faible revenu;LIC;14471940;14471940;14471940;14471750;14620309.922;14620355.092;14620407.252;14620463.665;14620425.89;14620458.284;14621136.055;14621419.05;14745349.142;14745311.326;14745264.467;14745318.128;14745325.968;14745314.053;14745329.143;14745341.404;14745302.094;14745302.094;
Liechtenstein;LIE;160;160;160;160;160;160;160;160;160;160;160;160;160;160;160;160;160;160;160;160;160;160;
Sri Lanka;LKA;62710;62710;62710;62710;62710;62710;62710;62710;62710;62710;62710;62710;62710;62710;62710;61893;61893;61893;61864;61864.47;61860;61860;
Revenu intermédiaire, tranche inférieure;LMC;24007824.742;24007800.742;24007250.968;24013984.058;24011915.019;24014658.091;24017722.093;24017639.093;24017642.087;24018120.134;24018386.418;24018282.947;24018306.946;24017777.383;24016936.921;24020950.4;24020672.4;24014355.4;24014397;24014382.47;24014684.803;24014688;
Revenu faible et intermédiaire;LMY;93250566.742;93249631.942;93246740.168;93253323.758;93400083.441;93402956.983;93503360.745;93503112.558;93502206.777;93499598.418;93500540.473;93501119.997;93624859.088;93621700.709;93620682.388;93624834.528;93624520.368;93617953.453;93617989.443;93617193.774;93614092.497;93629196.564;
Lesotho;LSO;30360;30360;30360;30360;30360;30360;30360;30360;30360;30360;30360;30360;30360;30360;30360;30360;30360;30360;30360;30360;30360;30360;
de dividende tardif démographique;LTE;44416123.742;44415246.942;44415380.168;44422250.758;44422418.519;44425322.891;44525522.493;44524986.893;44524344.887;44524430.134;44524774.418;44524759.947;44524782.946;44525435.383;44525704.921;44524904.4;44524912.4;44524210.4;44524754.3;44524698.37;44521586.403;44521646;
Lituanie;LTU;62680;62680;62680;62680;62680;62680;62680;62680;62675;62675;62675;62674;62674;62675;62650;62650;62642;62641;62630;62620;62620;62610;
Luxembourg;LUX;2574.46;2574.46;2574.46;2574.46;2574.46;2574.46;2574.46;2574.46;2574.46;2574.46;2574.46;2574.46;2574.46;2574.46;2574.46;2574.46;2574.46;2574.46;2574.46;2574.46;2574.46;2574.46;
Lettonie;LVA;62227;62227;62227;62227;62227;62227;62227;62227;62227;62227;62227;62227;62227;62227;62227;62227;62227;62227;62227;62227;62230;62230;
Région administrative spéciale de Macao, Chine;MAC;20;26;27;27;28;28;28.6;29.2;29.2;29.5;29.7;29.9;29.9;30.3;30.3;30.4;30.5;30.8;32.9;32.9;32.9;33;
Saint-Martin (fr);MAF;;;;;;;;;;;;50;50;50;50;50;50;50;50;50;50;50;
Maroc;MAR;446300;446300;446300;446300;446300;446300;446300;446300;446300;446300;446300;446300;446300;446300;446300;446300;446300;446300;446300;446300;446300;446300;
Monaco;MCO;2.027;2.027;2.027;2.027;2.027;2.027;2.027;2.027;2.027;2.027;2.027;2.027;2.027;2.027;2.027;2.027;2.027;2.027;2.027;2.027;2.027;2.084;
Moldova;MDA;32880;32880;32880;32870;32880;32890;32890;32890;32890;32890;32850;32850;32860;32880;32880;32880;32880;32890;32885.3;32885.9;32884.6;32970;
Madagascar;MDG;581540;581540;581540;581540;581540;581540;581540;581540;581540;581540;581540;581795;581795;581800;581800;581800;581800;581800;581800;581800;581800;581800;
Maldives;MDV;300;300;300;300;300;300;300;300;300;300;300;300;300;300;300;300;300;300;300;300;300;300;
Afrique du Nord et Moyen-Orient;MEA;11226250;11226250;11226250;11226070;11226060;11226070;11226130;11226150;11226160;11223650;11223642;11223647;11223650;11223458;11223339;11223347;11223348;11217089;11217087;11217103;11217108;11217118;
Mexique;MEX;1943950;1943950;1943950;1943950;1943950;1943950;1943950;1943950;1943950;1943950;1943950;1943950;1943950;1943950;1943950;1943950;1943950;1943950;1943950;1943950;1943950;1943950;
Îles Marshall;MHL;180;180;180;180;180;180;180;180;180;180;180;180;180;180;180;180;180;180;180;180;180;180;
Revenu intermédiaire;MIC;78778626.742;78777691.942;78774800.168;78781573.758;78779773.519;78782601.891;78882953.493;78882648.893;78881780.887;78879140.134;78879404.418;78879700.947;78879509.946;78876389.383;78875417.921;78879516.4;78879194.4;78872639.4;78872660.3;78871852.37;78868790.403;78883894.47;
Macédoine du Nord;MKD;25430;25430;25430;25430;25430;25430;25430;25230;25230;25220;25220;25220;25220;25220;25220;25220;25220;25220;25220;25220;25220;25220;
Mali;MLI;1220190;1220190;1220190;1220190;1220190;1220190;1220190;1220190;1220190;1220190;1220190;1220190;1220190;1220190;1220190;1220190;1220190;1220190;1220190;1220190;1220190;1220190;
Malte;MLT;320;320;320;320;320;320;320;320;320;320;320;320;320;320;320;320;320;320;320;320;320;320;
Myanmar;MMR;653540;653540;653540;653540;653420;653360;653470;653520;653310;653300;653260;653290;653150;653080;653080;653080;652780;652750;652700;652700;652670;652670;
Afrique du Nord et Moyen-Orient (hors revenu élevé);MNA;8643940;8643940;8643940;8643750;8643730;8643730;8643790;8643800;8643800;8641290;8641280;8641280;8641280;8641088;8641088;8641089;8641089;8634829;8634829;8634843;8634843;8634848;
Monténégro;MNE;;;;;;;13450;13450;13450;13450;13450;13450;13450;13450;13450;13450;13450;13450;13450;13450;13450;13450;
Mongolie;MNG;1547438.742;1547438.742;1547438.968;1554686.058;1554444.019;1554444.091;1557459.093;1557459.093;1557465.087;1557465.134;1557292.418;1557251.947;1557251.946;1557253.053;1557252.921;1557255.4;1557255.4;1557255.4;1557255;1557258;1557506.803;1557507;
Mariannes;MNP;460;460;460;460;460;460;460;460;460;460;460;460;460;460;460;460;460;460;460;460;460;460;
Mozambique;MOZ;786380;786380;786380;786380;786380;786380;786380;786380;786380;786380;786380;786380;786380;786380;786380;786380;786380;786380;786380;786380;786380;786380;
Mauritanie;MRT;1030700;1030700;1030700;1030700;1030700;1030700;1030700;1030700;1030700;1030700;1030700;1030700;1030700;1030700;1030700;1030700;1030700;1030700;1030700;1030700;1030700;1030700;
Maurice;MUS;2030;2030;2030;2030;2030;2030;2030;2030;2030;2030;2030;1997;1997;1997;1997;1997;1997;1997;1997;1997;1997;1997;
Malawi;MWI;94280;94280;94280;94280;94280;94280;94280;94280;94280;94280;94280;94280;94280;94280;94280;94280;94280;94280;94280;94280;94280;94280;
Malaisie;MYS;328550;328550;328550;328550;328550;328550;328550;328550;328550;328550;328550;328550;328550;328550;328550;328550;328550;328550;328550;328550;328550;328550;
Amérique du Nord;NAC;18127564;18127564;18127564;18127564;18127564;18127564;18127564;18127564;18113064;18113064;18113064;18113064;18113064;18113064;18113064;18113064;18113064;18113064;18113064;18113064;18113064;17936174;
Namibie;NAM;823290;823290;823290;823290;823290;823290;823290;823290;823290;823290;823290;823290;823290;823290;823290;823290;823290;823290;823290;823290;823290;823290;
Nouvelle-Calédonie;NCL;18280;18280;18280;18280;18280;18280;18280;18280;18280;18280;18280;18280;18280;18280;18280;18280;18280;18280;18280;18280;18280;18280;
Niger;NER;1266700;1266700;1266700;1266700;1266700;1266700;1266700;1266700;1266700;1266700;1266700;1266700;1266700;1266700;1266700;1266700;1266700;1266700;1266700;1266700;1266700;1266700;
Nigéria;NGA;910770;910770;910770;910770;910770;910770;910770;910770;910770;910770;910770;910770;910770;910770;910770;910770;910770;910770;910770;910770;910770;910770;
Nicaragua;NIC;120340;120340;120340;120340;120340;120340;120340;120340;120340;120340;120340;120340;120340;120340;120340;120340;120340;120340;120340;120340;120340;120340;
Pays-Bas;NLD;33760;33760;33760;33760;33760;33760;33760;33760;33760;33730;33730;33720;33720;33690;33690;33670;33670;33670;33670;33670;33670;33670;
Norvège;NOR;365244;365244;365244;365244;365244;365244;365244;365244;365244;365244;365244;365244;365244;365122.96;365108;365190.7;365145.73;365123;365108;365094;364285;364270;
Népal;NPL;143350;143350;143350;143350;143350;143350;143350;143350;143350;143350;143350;143350;143350;143350;143350;143350;143350;143350;143350;143350;143350;143350;
Nauru;NRU;20;20;20;20;20;20;20;20;20;20;20;20;20;20;20;20;20;20;20;20;20;20;
Nouvelle-Zélande;NZL;263310;263310;263310;263310;263310;263310;263310;263310;263310;263310;263310;263310;263310;263310;263310;263310;263310;263310;263310;263310;263310;263310;
Pays membres de l'OCDE;OED;35510645.741;35510394.52;35510923.299;35511312.077;35511030.854;35510909.63;35510288.405;35510387.18;35495387.782;35496276.784;35497717.585;35497492.786;35497911.888;35499286.748;35499972.589;35499446.23;35509557.06;35508833.78;35509442.209;35509392.216;35508595.797;35331823.404;
Oman;OMN;309500;309500;309500;309500;309500;309500;309500;309500;309500;309500;309500;309500;309500;309500;309500;309500;309500;309500;309500;309500;309500;309500;
Autres petits états;OSS;2018881;2018881;2018881;2018891;2017218;2017228;2030678;2030688;2030698;2030698;2030700;2030672;2030675;2031755;2031636;2031643;2031671;2030952;2031526;2031528;2031533;2031538;
Pakistan;PAK;770880;770880;770880;770880;770880;770880;770880;770880;770880;770880;770880;770880;770880;770880;770880;770880;770880;770880;770880;770880;770880;770880;
Panama;PAN;74340;74340;74340;74340;74340;74340;74340;74340;74340;74340;74340;74340;74340;74340;74120;74120;74120;74120;74180;74180;74180;74180;
Pérou;PER;1280000;1280000;1280000;1280000;1280000;1280000;1280000;1280000;1280000;1280000;1280000;1280000;1280000;1280000;1280000;1280000;1280000;1280000;1280000;1280000;1280000;1280000;
Philippines;PHL;298170;298170;298170;298170;298170;298170;298170;298170;298170;298170;298170;298170;298170;298170;298170;298170;298170;298170;298170;298170;298170;298170;
Palaos;PLW;460;460;460;460;460;460;460;460;460;460;460;460;460;460;460;460;460;460;460;460;460;460;
Papouasie-Nouvelle-Guinée;PNG;452860;452860;452860;452860;452860;452860;452860;452860;452860;452860;452860;452860;452860;452860;452860;452860;452860;452860;452860;452860;452860;452860;
Pologne;POL;306290;306290;306290;306240;306330;306330;306320;306320;306300;306280;306280;306230;306220;306210;306190;306190;306190;306190;306170;306110;306130;306100;
de Pré-dividende démographique;PRE;20166981;20166981;20166981;20166981;20186963.625;20187006.326;20186985.031;20187013.606;20187038.494;20184000.592;20184706.103;20184984.989;20308908.12;20308688.278;20308675.185;20308727.775;20308716.459;20308710.233;20308716.714;20308719.546;20308679.829;20308679.829;
Porto Rico;PRI;8870;8870;8870;8870;8870;8870;8870;8870;8870;8870;8870;8870;8870;8870;8870;8870;8870;8870;8870;8870;8870;8870;
Corée, République démocratique de;PRK;120410;120410;120410;120410;120410;120410;120410;120410;120410;120410;120410;120410;120410;120410;120410;120410;120410;120410;120410;120410;120410;120410;
Portugal;PRT;91500;91500;91500;91500;91500;91470;91470;91470;91470;91590;91590;91590;91590;91605.2;91605.6;91605.6;91605.6;91605.6;91605.6;91605.6;91605.6;91605.6;
Paraguay;PRY;397300;397300;397300;397300;397300;397300;397300;397300;397300;397300;397300;397300;397300;397300;397300;397300;397300;397300;397300;397300;397300;397300;
Cisjordanie et Gaza;PSE;6020;6020;6020;6020;6020;6020;6020;6020;6020;6020;6020;6020;6020;6020;6020;6020;6020;6020;6020;6020;6020;6025;
Petits états insulaires du Pacifique;PSS;64200;64200;64200;64200;64200;64200;64200;64200;64200;64200;64200;64200;64200;64200;64200;64200;64200;64150;64150;64150;64150;64150;
de Post-dividende démographique;PST;31353456.741;31353207.52;31350877.299;31351347.077;31350977.854;31350824.63;31350250.005;31350307.38;31335323.982;31336189.284;31337635.285;31337896.686;31338102.788;31335989.048;31336539.889;31336096.63;31346159.56;31345929.58;31346074.109;31346071.116;31345264.697;31168492.404;
Polynésie française;PYF;3471;3471;3471;3471;3471;3471;3471;3471;3471;3471;3471;3471;3471;3471;3471;3471;3471;3471;3471;3471;3471;3471;
Qatar;QAT;11610;11610;11610;11610;11610;11610;11610;11610;11610;11610;11610;11610;11610;11610;11490;11490;11490;11490;11490;11490;11490;11490;
Roumanie;ROU;229710;229710;229870;229950;230000;229980;229980;229890;229900;230060;230050;230170;230020;230030;230080;230080;230080;230080;230080;230080;230080;230080;
Fédération de Russie;RUS;16381340;16380440;16380940;16380980;16381230;16381390;16377740;16377740;16376870;16376870;16376870;16376870;16376870;16376870;16376870;16376870;16376870;16376870;16376870;16376870;16376870;16376870;
Rwanda;RWA;24670;24670;24670;24670;24670;24670;24670;24670;24670;24670;24670;24670;24670;24670;24670;24670;24670;24670;24670;24670;24670;24670;
Asie du Sud;SAS;4772630;4772630;4772630;4772630;4770947;4770947;4770947;4770947;4770947;4770947;4770947;4770947;4770947;4770947;4770947;4770130;4770157;4770157;4770124;4770124.47;4770120;4770120;
Arabie saoudite;SAU;2149690;2149690;2149690;2149690;2149690;2149690;2149690;2149690;2149690;2149690;2149690;2149690;2149690;2149690;2149690;2149690;2149690;2149690;2149690;2149690;2149690;2149690;
Soudan;SDN;2376000;2376000;2376000;2376000;2376000;2376000;2376000;2376000;2376000;2376000;2376000;2376000;1868000;1868000;1868000;1868000;1868000;1868000;1868000;1868000;1868000;1868000;
Sénégal;SEN;192530;192530;192530;192530;192530;192530;192530;192530;192530;192530;192530;192530;192530;192530;192530;192530;192530;192530;192530;192530;192530;192530;
Singapour;SGP;670;670;675;687;689;689;694;695;700;700;702;704;706;707;709;709;709;712;714;716;718;718;
Îles Salomon;SLB;27990;27990;27990;27990;27990;27990;27990;27990;27990;27990;27990;27990;27990;27990;27990;27990;27990;27990;27990;27990;27990;27990;
Sierra Leone;SLE;72180;72180;72180;72180;72180;72180;72180;72180;72180;72180;72180;72180;72180;72180;72180;72180;72180;72180;72180;72180;72180;72180;
El Salvador;SLV;20720;20720;20720;20720;20720;20720;20720;20720;20720;20720;20720;20720;20720;20720;20720;20720;20720;20720;20720;20720;20720;20720;
Saint-Marin;SMR;60;60;60;60;60;60;60;60;60;60;60;60;60;60;60;60;60;60;60;60;60;60;
Somalie;SOM;627340;627340;627340;627340;627340;627340;627340;627340;627340;627340;627340;627340;627340;627340;627340;627340;627340;627340;627340;627340;627340;627340;
Serbie;SRB;;;;;;;87460;87460;87460;87460;87460;87460;87460;87460;87460;87460;87460;87460;87460;87460;84090;84090;
Afrique subsaharienne (hors revenu élevé);SSA;23616931;23616931;23616931;23616931;23765510.922;23765556.092;23765548.252;23765594.665;23765556.89;23765589.284;23766277.055;23766527.05;23890457.142;23890419.326;23890372.467;23890426.128;23890433.968;23890422.053;23890437.143;23890449.404;23890403.094;23890403.094;
Soudan du Sud;SSD;;;;;;;;;;;;;631930;631930;631930;631930;631930;631930;631930;631930;631930;631930;
Afrique subsaharienne;SSF;23617391;23617391;23617391;23617391;23765970.922;23766016.092;23766008.252;23766054.665;23766016.89;23766049.284;23766737.055;23766987.05;23890917.142;23890879.326;23890832.467;23890886.128;23890893.968;23890882.053;23890897.143;23890909.404;23890863.094;23890863.094;
Petits états;SST;2487931;2487931;2487931;2487941;2486268;2486278;2499728;2499738;2499748;2499748;2499750;2499722;2499725;2500805;2500686;2500693;2500721;2499952;2500526;2500528;2500533;2500538;
Sao Tomé-et-Principe;STP;960;960;960;960;960;960;960;960;960;960;960;960;960;960;960;960;960;960;960;960;960;960;
Suriname;SUR;156000;156000;156000;156000;156000;156000;156000;156000;156000;156000;156000;156000;156000;156000;156000;156000;156000;156000;156000;156000;156000;156000;
République slovaque;SVK;48100;48100;48100;48110;48100;48100;48100;48100;48100;48090;48091;48088;48088;48088;48080;48082;48080;48080;48080;48080;48080;48080;
Slovénie;SVN;20140;20140;20140;20140;20140;20140;20140;20140;20146.2;20145.8;20146.2;20146;20145.7;20140;20140;20142.6;20142;20138.1;20136.4;20136.4;20136.4;20136.4;
Suède;SWE;407339.7;407339.7;407339.7;407339.7;407339.7;407339.7;407339.7;407339.7;407339.7;407339.7;407339.7;407339.7;407339.7;407339.7;407339.7;407310.64;407310.64;407310.64;407310.64;407283.59;407283.532;407283.54;
Eswatini;SWZ;17200;17200;17200;17200;17200;17200;17200;17200;17200;17200;17200;17200;17200;17200;17200;17200;17200;17200;17200;17200;17200;17200;
Sint Maarten (Dutch part);SXM;;;;;;;;;;;;34;34;34;34;34;34;34;34;34;34;34;
Seychelles;SYC;460;460;460;460;460;460;460;460;460;460;460;460;460;460;460;460;460;460;460;460;460;460;
République arabe syrienne;SYR;183780;183780;183780;183590;183570;183570;183630;183640;183640;183640;183630;183630;183630;183630;183630;183630;183630;183630;183630;183630;183630;183630;
Îles Turques-et-Caïques;TCA;950;950;950;950;950;950;950;950;950;950;950;950;950;950;950;950;950;950;950;950;950;950;
Tchad;TCD;1259200;1259200;1259200;1259200;1259200;1259200;1259200;1259200;1259200;1259200;1259200;1259200;1259200;1259200;1259200;1259200;1259200;1259200;1259200;1259200;1259200;1259200;
Asie de l’Est et Pacifique (BIRD et IDA);TEA;15854637.742;15854661.942;15854121.168;15860887.758;15860525.519;15863231.891;15866314.493;15866126.893;15866156.887;15866117.134;15866436.418;15866415.947;15866448.946;15865930.383;15866293.921;15866308.4;15866011.4;15865947.4;15865923;15865926;15866144.803;15881181.47;
Europe et Asie centrale (BIRD et IDA);TEC;22890540;22889581;22888400;22888479;22888854;22888926;22986195;22985978;22985070;22985119;22985054;22985051;22984881;22984900;22983795;22988615;22988623;22988632;22988690.3;22988583.9;22985330.6;22985363;
Togo;TGO;54390;54390;54390;54390;54390;54390;54390;54390;54390;54390;54390;54390;54390;54390;54390;54390;54390;54390;54390;54390;54390;54390;
Thaïlande;THA;510890;510890;510890;510890;510890;510890;510890;510890;510890;510890;510890;510890;510890;510890;510890;510890;510890;510890;510890;510890;510890;510890;
Tadjikistan;TJK;139960;139960;139960;139960;139960;139960;139960;139960;139960;139960;139960;139960;139960;139960;138786;138790;138790;138790;138790;138790;138790;138790;
Turkménistan;TKM;469930;469930;469930;469930;469930;469930;469930;469930;469930;469930;469930;469930;469930;469930;469930;469930;469930;469930;469930;469930;469930;469930;
Amérique latine et Caraïbes (BIRD et IDA);TLA;19913632;19913632;19913632;19913632;19913632;19913632;19913632;19913632;19913632;19913632;19913632;19913632;19913632;19913632;19913412;19913412;19913412;19913412;19913472;19912693;19912693;19912693;
Timor-Leste;TLS;14870;14870;14870;14870;14870;14870;14870;14870;14870;14870;14870;14870;14870;14870;14870;14870;14870;14870;14870;14870;14870;14870;
Afrique du Nord et Moyen-Orient (BIRD et IDA);TMN;8637920;8637920;8637920;8637730;8637710;8637710;8637770;8637780;8637780;8635270;8635260;8635260;8635260;8635068;8635068;8635069;8635069;8628809;8628809;8628823;8628823;8628823;
Tonga;TON;720;720;720;720;720;720;720;720;720;720;720;720;720;720;720;720;720;720;720;720;720;720;
Asie du Sud (BIRD et IDA);TSA;4772630;4772630;4772630;4772630;4770947;4770947;4770947;4770947;4770947;4770947;4770947;4770947;4770947;4770947;4770947;4770130;4770157;4770157;4770124;4770124.47;4770120;4770120;
Afrique subsaharienne (BIRD et IDA);TSS;23617391;23617391;23617391;23617391;23765970.922;23766016.092;23766008.252;23766054.665;23766016.89;23766049.284;23766737.055;23766987.05;23890917.142;23890879.326;23890832.467;23890886.128;23890893.968;23890882.053;23890897.143;23890909.404;23890863.094;23890863.094;
Trinité-et-Tobago;TTO;5130;5130;5130;5130;5130;5130;5130;5130;5130;5130;5130;5130;5130;5130;5130;5130;5130;5130;5130;5130;5130;5130;
Tunisie;TUN;155360;155360;155360;155360;155360;155360;155360;155360;155360;155360;155360;155360;155360;155360;155360;155360;155360;155360;155360;155360;155360;155360;
Turquie;TUR;769630;769630;769630;769630;769630;769630;769630;769630;769630;769630;769630;769630;769630;769630;769630;769630;769630;769630;769630;769630;769630;769630;
Tuvalu;TUV;30;30;30;30;30;30;30;30;30;30;30;30;30;30;30;30;30;30;30;30;30;30;
Tanzanie;TZA;885800;885800;885800;885800;885800;885800;885800;885800;885800;885800;885800;885800;885800;885800;885800;885800;885800;885800;885800;885800;885800;885800;
Ouganda;UGA;199810;199810;199810;199810;199810;199810;199810;199810;199810;199810;200520;200520;200520;200520;200520;200520;200520;200520;200520;200520;200520;200520;
Ukraine;UKR;579350;579350;579340;579340;579340;579380;579360;579330;579320;579320;579320;579320;579320;579320;579290;579290;579290;579300;579400;579400;579400;579400;
Revenu intermédiaire, tranche supérieure;UMC;54770802;54769891.2;54767549.2;54767589.7;54767858.5;54767943.8;54865231.4;54865009.8;54864138.8;54861020;54861018;54861418;54861203;54858612;54858481;54858566;54858522;54858284;54858263.3;54857469.9;54854105.6;54869206.47;
Uruguay;URY;175020;175020;175020;175020;175020;175020;175020;175020;175020;175020;175020;175020;175020;175020;175020;175020;175020;175020;175020;175020;175020;175020;
États-Unis;USA;9161920;9161920;9161920;9161920;9161920;9161920;9161920;9161920;9147420;9147420;9147420;9147420;9147420;9147420;9147420;9147420;9147420;9147420;9147420;9147420;9147420;9147420;
Ouzbékistan;UZB;435965;435911;435911;435877;435853;435849;435850;435984;435967;435945;435892;435809;435800;435789;435789;440600;440591;440588;440587;440555;440650;440653;
Saint-Vincent-et-les Grenadines;VCT;390;390;390;390;390;390;390;390;390;390;390;390;390;390;390;390;390;390;390;390;390;390;
Venezuela;VEN;882050;882050;882050;882050;882050;882050;882050;882050;882050;882050;882050;882050;882050;882050;882050;882050;882050;882050;882050;882050;882050;882050;
Îles Vierges britanniques;VGB;150;150;150;150;150;150;150;150;150;150;150;150;150;150;150;150;150;150;150;150;150;150;
Îles Vierges (EU);VIR;350;350;350;350;350;350;350;350;350;350;350;350;350;350;350;350;350;350;350;350;350;350;
Viet Nam;VNM;311060;311090;310550;310070;310070;312837;312795;312558;312792;312762;313294;313284;313457;313007.33;313371;313383;313387;313403;313429;313429;313429;313429;
Vanuatu;VUT;12190;12190;12190;12190;12190;12190;12190;12190;12190;12190;12190;12190;12190;12190;12190;12190;12190;12190;12190;12190;12190;12190;
Monde;WLD;129577095.51;129575915.489;129573718.494;129580844.862;129727386.322;129730128.64;129829916.777;129829688.965;129813808.786;129812249.729;129814626.785;129815636.71;129939649.903;129937877.784;129937258.304;129940891.185;129950688.955;129943403.06;129944109.579;129943267.917;129939343.221;129777684.052;
Samoa;WSM;2830;2830;2830;2830;2830;2830;2830;2830;2830;2830;2830;2830;2830;2830;2830;2830;2830;2780;2780;2780;2780;2780;
Kosovo;XKX;;;;;;;;;;;;;;;;;;;;;;;
Yémen, Rép. du;YEM;527970;527970;527970;527970;527970;527970;527970;527970;527970;527970;527970;527970;527970;527970;527970;527970;527970;527970;527970;527970;527970;527970;
Afrique du Sud;ZAF;1213090;1213090;1213090;1213090;1213090;1213090;1213090;1213090;1213090;1213090;1213090;1213090;1213090;1213090;1213090;1213090;1213090;1213090;1213090;1213090;1213090;1213090;
Zambie;ZMB;743390;743390;743390;743390;743390;743390;743390;743390;743390;743390;743390;743390;743390;743390;743390;743390;743390;743390;743390;743390;743390;743390;
Zimbabwe;ZWE;386850;386850;386850;386850;386850;386850;386850;386850;386850;386850;386850;386850;386850;386850;386850;386850;386850;386850;386850;386850;386850;386850;
